Symbol,Name,Last,Change,%Chg,High,Low,Volume,Time
A,"Agilent Technologies",116.9,2.81,+2.46%,117.07,113.67,3778400,11/30/20
AAL,"American Airlines Gp",14.13,-0.85,-5.67%,14.96,13.93,97386898,11/30/20
AAP,"Advance Auto Parts Inc",147.7,-2.23,-1.49%,150.3,147.37,1521600,11/30/20
AAPL,"Apple Inc",119.05,2.46,+2.11%,120.97,116.81,169250703,11/30/20
ABBV,"Abbvie Inc",104.58,-0.31,-0.30%,105.42,103.65,20725900,11/30/20
ABC,"Amerisourcebergen Corp",103.11,-0.09,-0.09%,104.51,102.47,1223200,11/30/20
ABMD,"Abiomed Inc",274.1,2.2,+0.81%,274.91,269.01,395300,11/30/20
ABT,"Abbott Laboratories",108.22,0.6,+0.56%,108.55,107.09,5701700,11/30/20
ACN,"Accenture Plc",249.09,-1.03,-0.41%,250.44,246.29,2441400,11/30/20
ADBE,"Adobe Systems Inc",478.47,1.44,+0.30%,480.86,469.2,2786400,11/30/20
ADI,"Analog Devices",139.08,1.33,+0.97%,139.32,137.1,3010500,11/30/20
ADM,"Archer Daniels Midland",49.77,-0.68,-1.35%,50.27,49.4,2624800,11/30/20
ADP,"Automatic Data Procs",173.88,-1.37,-0.78%,175.1,171.33,2846300,11/30/20
ADSK,"Autodesk Inc",280.23,7.42,+2.72%,281.35,272.21,2612200,11/30/20
AEE,"Ameren Corp",77.78,-1.21,-1.53%,78.77,77.57,1418600,11/30/20
AEP,"American Electric Power Company",84.89,-0.03,-0.04%,85.25,84.01,3484500,11/30/20
AES,"The Aes Corp",20.44,-0.6,-2.85%,21.03,20.38,8001700,11/30/20
AFL,"Aflac Inc",43.93,-1.35,-2.98%,45.19,43.91,5918300,11/30/20
AIG,"American International Group",38.44,-1.27,-3.20%,39.61,38.4,6426000,11/30/20
AIV,"Apartment Investment and Management",30.35,-0.43,-1.40%,31.03,30.22,1621900,11/30/20
AIZ,"Assurant Inc",129.12,-4.67,-3.49%,133.77,129.04,504500,11/30/20
AJG,"Arthur J. Gallagher & Company",115.41,-0.45,-0.39%,116.12,115.03,928600,11/30/20
AKAM,"Akamai Technologies",103.51,-0.81,-0.78%,104.46,103.06,2355300,11/30/20
ALB,"Albemarle Corp",135.97,-1.69,-1.23%,137.5,134.16,1096100,11/30/20
ALGN,"Align Technology",481.29,5.79,+1.22%,483.88,471.31,1113800,11/30/20
ALK,"Alaska Air Group",50.97,-0.58,-1.13%,52,49.62,2022500,11/30/20
ALL,"Allstate Corp",102.35,-1.79,-1.72%,103.88,102.15,2931700,11/30/20
ALLE,"Allegion Plc",114.04,-0.24,-0.21%,114.15,112.6,956800,11/30/20
ALXN,"Alexion Pharm Inc",122.11,-1.72,-1.39%,124,120.8,1964100,11/30/20
AMAT,"Applied Materials",82.48,-0.18,-0.22%,82.59,80.71,7542800,11/30/20
AMCR,"Amcor Plc",11.33,-0.15,-1.31%,11.44,11.23,6321000,11/30/20
AMD,"Adv Micro Devices",92.66,5.47,+6.27%,92.74,86.53,84436000,11/30/20
AME,"Amtek Inc",118.53,-1.24,-1.04%,119.81,117.54,964400,11/30/20
AMGN,"Amgen Inc",222.04,-2.77,-1.23%,225.28,219.45,4858000,11/30/20
AMP,"Ameriprise Financial Services",185.24,-5.51,-2.89%,190.12,184.74,1096700,11/30/20
AMT,"American Tower Corp",231.2,-2.89,-1.23%,234.14,228.75,3547200,11/30/20
AMZN,"Amazon.com Inc",3168.04,-27.3,-0.85%,3228.39,3125.55,4057900,11/30/20
ANET,"Arista Networks Inc",270.7,-1.86,-0.68%,274.89,267.38,746800,11/30/20
ANSS,"Ansys Inc",338.06,7.65,+2.32%,338.84,328.75,598600,11/30/20
ANTM,"Anthem Inc",311.52,-1.28,-0.41%,315.3,309.34,1645700,11/30/20
AON,"AON Plc",204.89,-1.69,-0.82%,207.3,204.44,2077700,11/30/20
AOS,"Smith A.O. Corp",56.31,-0.77,-1.35%,56.92,55.79,2645800,11/30/20
APA,"Apache Corp",12.89,-1.03,-7.40%,13.76,12.85,11866600,11/30/20
APD,"Air Products and Chemicals",280.14,2.31,+0.83%,280.15,275.79,1312800,11/30/20
APH,"Amphenol Corp",130.81,-1.14,-0.86%,132.13,130.02,1816100,11/30/20
APTV,"Aptiv Plc",118.7,-3.16,-2.59%,121.97,118.22,2505300,11/30/20
ARE,"Alexandria Real Estate Equities",163.73,1.59,+0.98%,163.92,160.98,876800,11/30/20
ATO,"Atmos Energy Corp",95.89,-0.93,-0.96%,97.25,95.27,2098100,11/30/20
ATVI,"Activision Blizzard",79.48,1.34,+1.71%,79.73,77.78,15234500,11/30/20
AVB,"Avalonbay Communities",166.59,-1.28,-0.76%,168.57,164.27,2290000,11/30/20
AVGO,"Broadcom Ltd",401.58,6.63,+1.68%,402.16,392.74,1545000,11/30/20
AVY,"Avery Dennison Corp",149.34,-0.96,-0.64%,151.24,148.5,590200,11/30/20
AWK,"American Water Works",153.38,-0.35,-0.23%,154.81,152.14,1059700,11/30/20
AXP,"American Express Company",118.59,-2,-1.66%,121.48,118,3517300,11/30/20
AZO,Autozone,1137.65,18.41,+1.64%,1141.98,1106.61,272500,11/30/20
BA,"Boeing Company",210.71,-5.79,-2.67%,217.78,208.52,16471602,11/30/20
BAC,"Bank of America Corp",28.16,-0.83,-2.86%,28.86,28.1,63552000,11/30/20
BAX,"Baxter International Inc",76.07,0.1,+0.13%,76.89,75.61,5824500,11/30/20
BBY,"Best Buy Company",108.8,-3.83,-3.40%,112.68,108.57,6487200,11/30/20
BDX,"Becton Dickinson and Company",234.84,5.88,+2.57%,234.89,229.97,4174600,11/30/20
BEN,"Franklin Resources",21.99,-0.28,-1.26%,22.26,21.89,5934200,11/30/20
BF.B,"Brown Forman Inc Cl B",80.66,-0.44,-0.54%,81.85,80.46,2848200,11/30/20
BIIB,"Biogen Inc",240.17,-3.61,-1.48%,244.19,239.56,2193400,11/30/20
BIO,"Bio-Rad Laboratories",538.5,3.43,+0.64%,544.15,528.3,657900,11/30/20
BK,"Bank of New York Mellon Corp",39.12,-0.83,-2.08%,40.06,38.94,6200700,11/30/20
BKNG,"Booking Holdings Inc",2028.45,-24.22,-1.18%,2058,2019.87,335600,11/30/20
BKR,"Baker Hughes A Ge CO Cl A",18.72,-1.06,-5.36%,19.7,18.7,12001899,11/30/20
BLK,Blackrock,698.35,-16.76,-2.34%,713.19,697.73,888400,11/30/20
BLL,"Ball Corp",96.01,-0.35,-0.36%,97.26,95.35,2172800,11/30/20
BMY,"Bristol-Myers Squibb Company",62.4,-0.65,-1.03%,63.27,61.99,14995700,11/30/20
BR,"Broadridge Financial Solutions Llc",146.88,-0.52,-0.35%,148.02,144.75,812100,11/30/20
BRK.B,"Berkshire Hathaway Cl B",228.91,-2.64,-1.14%,231.29,228.16,5989300,11/30/20
BSX,"Boston Scientific Corp",33.15,-0.45,-1.34%,33.62,33.01,15588500,11/30/20
BWA,"Borgwarner Inc",38.85,-0.65,-1.65%,39.5,38.46,4144900,11/30/20
BXP,"Boston Properties",98.16,-4.27,-4.17%,102.33,98.05,2229300,11/30/20
C,"Citigroup Inc",55.07,-1.6,-2.82%,56.54,54.99,23351199,11/30/20
CAG,"Conagra Brands Inc",36.56,0.62,+1.73%,36.6,35.8,4051600,11/30/20
CAH,"Cardinal Health",54.59,0.81,+1.51%,54.8,53.49,5380600,11/30/20
CARR,"Carrier Global Corp [Carr/I]",38.07,0.26,+0.69%,38.48,37.41,21168801,11/30/20
CAT,"Caterpillar Inc",173.59,-1.49,-0.85%,174.88,172.43,2382300,11/30/20
CB,"Chubb Ltd",147.83,-3.59,-2.37%,150.77,147.08,5984000,11/30/20
CBOE,"CBOE Global Markets Inc",91.32,-0.39,-0.43%,91.74,88.91,993000,11/30/20
CBRE,"CBRE Group Inc",61.14,0.01,+0.02%,61.4,60.37,4042200,11/30/20
CCI,"Crown Castle International Corp",167.57,0.4,+0.24%,167.75,164.01,3208900,11/30/20
CCL,"Carnival Corp",19.98,-1.6,-7.41%,21.77,19.83,86651102,11/30/20
CDNS,"Cadence Design Sys",116.3,-0.28,-0.24%,117.34,114.66,2304100,11/30/20
CDW,"CDW Corp",130.49,-1.74,-1.32%,131.5,129.06,1082000,11/30/20
CE,"Celanese Corp",129.33,-4.35,-3.25%,132.88,129.09,1864300,11/30/20
CERN,"Cerner Corp",74.84,0.74,+1.00%,74.88,73.75,1937900,11/30/20
CF,"Cf Industries Holdings",37.3,-1.47,-3.79%,38.44,37.08,3320300,11/30/20
CFG,"Citizens Financial Group Inc/Ri",32.66,-1.48,-4.34%,34.27,32.58,5330300,11/30/20
CHD,"Church & Dwight Company",87.77,1.5,+1.74%,87.84,85.56,2803000,11/30/20
CHRW,"C.H. Robinson Ww",93.97,1.25,+1.35%,94.04,92.63,2328600,11/30/20
CHTR,"Charter Communicatio",651.99,9.19,+1.43%,655.34,643.04,1178700,11/30/20
CI,"Cigna Corp",209.14,-3.36,-1.58%,212.01,207.75,3792700,11/30/20
CINF,"Cincinnati Financial",76.35,-1.46,-1.88%,78.26,75.5,3184200,11/30/20
CL,"Colgate-Palmolive Company",85.64,0.74,+0.87%,85.66,84.2,4356000,11/30/20
CLX,"Clorox Company",202.96,-0.13,-0.06%,203.35,199.97,2213800,11/30/20
CMA,"Comerica Inc",49.2,-2.29,-4.45%,51.68,49.01,11423300,11/30/20
CMCSA,"Comcast Corp A",50.24,-1.51,-2.92%,51.48,49.84,34359699,11/30/20
CME,"CME Group Inc",175.03,0.26,+0.15%,175.14,172.95,1925400,11/30/20
CMG,"Chipotle Mexican Grill",1289.43,-8.34,-0.64%,1297.68,1264.96,268000,11/30/20
CMI,"Cummins Inc",231.17,2.14,+0.93%,232.2,226.25,2607900,11/30/20
CMS,"Cms Energy Corp",61.54,-0.44,-0.71%,61.98,60.96,3321900,11/30/20
CNC,"Centene Corp",61.65,-1.52,-2.41%,63.28,61.42,4790200,11/30/20
CNP,"Centerpoint Energy Inc",23.19,-0.88,-3.66%,24.13,23.08,9170899,11/30/20
COF,"Capital One Financial Corp",85.64,-2.12,-2.42%,89.95,85.16,4422500,11/30/20
COG,"Cabot Oil & Gas Corp",17.52,-0.25,-1.41%,17.85,17.43,7331900,11/30/20
COO,"Cooper Companies",335.22,-5.49,-1.61%,339.71,329.31,566600,11/30/20
COP,Conocophillips,39.56,-3.22,-7.53%,42.04,39.54,20248299,11/30/20
COST,"Costco Wholesale",391.77,3.38,+0.87%,393.15,385.23,3727000,11/30/20
CPB,"Campbell Soup Company",50.02,1.04,+2.12%,50.04,48.79,2449400,11/30/20
CPRT,"Copart Inc",115.45,0.24,+0.21%,115.65,113.78,2910800,11/30/20
CRM,"Salesforce.com Inc",245.8,-1.83,-0.74%,247.63,236.07,18956199,11/30/20
CSCO,"Cisco Systems Inc",43.02,0.32,+0.75%,43.05,42.41,34739801,11/30/20
CSX,"CSX Corp",90.05,-1.24,-1.36%,91.84,89.96,6642800,11/30/20
CTAS,"Cintas Corp",355.3,-5.79,-1.60%,362.39,354.11,521100,11/30/20
CTLT,"Catalent Inc",96.14,-1.26,-1.29%,99,96,2973500,11/30/20
CTSH,"Cognizant Tech Sol",78.13,-0.28,-0.36%,78.33,77.07,3797900,11/30/20
CTVA,"Corteva Inc",38.32,-0.09,-0.23%,38.59,37.74,4864600,11/30/20
CTXS,"Citrix Systems Inc",123.92,1.48,+1.21%,124.11,121.16,2874500,11/30/20
CVS,"CVS Corp",67.79,-0.08,-0.12%,68.09,67.2,8241200,11/30/20
CVX,"Chevron Corp",87.18,-4.13,-4.52%,90.85,86.9,14287601,11/30/20
CXO,"Concho Resources Inc",57.48,-4.54,-7.32%,61.02,57.43,3598500,11/30/20
D,"Dominion Resources",78.49,-0.55,-0.70%,79.81,78.4,8418200,11/30/20
DAL,"Delta Air Lines Inc",40.25,-0.81,-1.97%,41.05,39.35,16728500,11/30/20
DD,"Du Pont De.Nemours Inc",63.44,-1.1,-1.70%,64.37,63.02,5259600,11/30/20
DE,"Deere & Company",261.62,-0.33,-0.13%,264.23,258.11,2342100,11/30/20
DFS,"Discover Financial Services",76.17,-2.7,-3.42%,79.13,76,3551200,11/30/20
DG,"Dollar General Corp",218.58,0.57,+0.26%,218.94,214.32,2910900,11/30/20
DGX,"Quest Diagnostics Inc",123.98,-0.82,-0.66%,125.99,123.25,1459900,11/30/20
DHI,"D.R. Horton",74.5,-1.48,-1.95%,76.25,73.15,6141400,11/30/20
DHR,"Danaher Corp",224.63,7.85,+3.62%,224.81,219.01,3319500,11/30/20
DIS,"Walt Disney Company",148.01,0.88,+0.60%,148.69,146.29,9709700,11/30/20
DISCA,"Discovery Comm A",26.91,-0.57,-2.07%,27.41,26.72,7719400,11/30/20
DISCK,"Discovery Comm Inc",24.02,-0.53,-2.16%,24.52,23.92,3443100,11/30/20
DISH,"Dish Network Corp",35.87,-0.04,-0.11%,36.01,35.35,3252900,11/30/20
DLR,"Digital Realty Trust",134.75,-1.98,-1.45%,137.07,134.27,2116500,11/30/20
DLTR,"Dollar Tree Inc",109.24,-0.66,-0.60%,109.92,107.89,2186200,11/30/20
DOV,"Dover Corp",122.03,-1.85,-1.49%,123.3,121.03,1025100,11/30/20
DOW,"Dow Inc",53.01,-2.39,-4.31%,55,52.8,8760601,11/30/20
DPZ,"Domino's Pizza Inc",392.57,2.1,+0.54%,393.08,386.1,948800,11/30/20
DRE,"Duke Realty Corp",38.06,-0.33,-0.86%,38.5,37.71,4222500,11/30/20
DRI,"Darden Restaurants",107.98,-1.97,-1.79%,109.25,105.49,2667700,11/30/20
DTE,"Dte Energy Company",125.81,-2.72,-2.12%,129.14,125.43,2370400,11/30/20
DUK,"Duke Energy Corp",92.66,-1.94,-2.05%,94.25,91.94,5012300,11/30/20
DVA,"Davita Healthcare Partners Inc",109.85,-0.03,-0.03%,110.51,109.5,1188400,11/30/20
DVN,"Devon Energy Corp",13.99,-0.79,-5.35%,14.63,13.96,11358699,11/30/20
DXC,"Dxc Technology Company",21.91,-1.37,-5.88%,23.04,21.82,2447300,11/30/20
DXCM,Dexcom,319.68,1.47,+0.46%,321.93,313.38,2212300,11/30/20
EA,"Electronic Arts Inc",127.75,3.58,+2.88%,128.4,123.27,10085200,11/30/20
EBAY,"Ebay Inc",50.43,-0.91,-1.77%,51.23,49.36,10742001,11/30/20
ECL,"Ecolab Inc",222.15,-2.66,-1.18%,224.7,219.46,2060400,11/30/20
ED,"Consolidated Edison Company of New York",76.25,-1.52,-1.95%,77.77,75.92,2605100,11/30/20
EFX,"Equifax Inc",166.9,2.16,+1.31%,167.95,165.06,1117000,11/30/20
EIX,"Edison International",61.36,-1.43,-2.28%,62.43,60.89,2684300,11/30/20
EL,"Estee Lauder Companies",245.32,-0.62,-0.25%,245.98,240.25,3488100,11/30/20
EMN,"Eastman Chemical Company",97.4,-2.5,-2.50%,99.83,97.21,1453900,11/30/20
EMR,"Emerson Electric Company",76.82,-1.34,-1.71%,78,75.97,2724600,11/30/20
EOG,"Eog Resources",46.88,-4.55,-8.85%,50.81,46.72,9699900,11/30/20
EQIX,"Equinix Inc",697.79,-2.73,-0.39%,706.73,695.44,1021700,11/30/20
EQR,"Equity Residential",57.92,-1.28,-2.16%,59.34,57.57,5918900,11/30/20
ES,"Eversource Energy",87.51,-0.42,-0.48%,88.4,86.54,2331300,11/30/20
ESS,"Essex Property Trust",245.88,-4.13,-1.65%,249.98,243.06,1302900,11/30/20
ETN,"Eaton Corp",121.11,-0.79,-0.65%,122.15,120.01,3567100,11/30/20
ETR,"Entergy Corp",108.85,-2.66,-2.39%,110.98,108.23,2379000,11/30/20
ETSY,"Etsy Inc",160.7,0.15,+0.09%,164.64,153.36,11338600,11/30/20
EVRG,"Evergy Inc",55.41,-0.36,-0.65%,55.88,55,4262600,11/30/20
EW,"Edwards Lifesciences Corp",83.89,-1.37,-1.61%,84.98,83.12,3948300,11/30/20
EXC,"Exelon Corp",41.07,-0.67,-1.61%,41.52,40.92,9445700,11/30/20
EXPD,"Expeditors Intl",89.37,0.41,+0.46%,89.47,88.06,2782400,11/30/20
EXPE,"Expedia Group Inc",124.49,0.76,+0.61%,125.31,121.36,2791200,11/30/20
EXR,"Extra Space Storage Inc",112.73,2.73,+2.48%,112.74,109.64,1072400,11/30/20
F,"Ford Motor Company",9.08,-0.01,-0.11%,9.23,8.98,77931102,11/30/20
FANG,"Diamondback Energy",39.96,-3.56,-8.18%,43.29,39.78,16580699,11/30/20
FAST,"Fastenal Company",49.45,0.87,+1.79%,49.53,48.31,6174000,11/30/20
FB,"Facebook Inc",276.97,-0.84,-0.30%,277.7,271.01,16686100,11/30/20
FBHS,"Fortune Brands Home & Security",83.5,-1.51,-1.78%,85.17,82.95,1619800,11/30/20
FCX,"Freeport-Mcmoran Inc",23.39,-0.13,-0.55%,23.86,23.01,25711701,11/30/20
FDX,"Fedex Corp",286.58,-0.83,-0.29%,290.9,280.54,3187800,11/30/20
FE,"Firstenergy Corp",26.56,-0.16,-0.60%,26.91,26.29,8524800,11/30/20
FFIV,"F5 Networks Inc",162.81,-1.74,-1.06%,164.61,160.85,993100,11/30/20
FIS,"Fidelity National Information Services",148.41,0.13,+0.09%,148.5,145.18,4582400,11/30/20
FISV,"Fiserv Inc",115.18,-0.35,-0.30%,115.33,112.89,3735000,11/30/20
FITB,"Fifth Third Bncp",25.34,-0.94,-3.58%,26.38,25.27,8550600,11/30/20
FLIR,"Flir Systems Inc",38.24,-0.89,-2.27%,39.89,38.06,12378300,11/30/20
FLS,"Flowserve Corp",34.08,-1.38,-3.89%,35.46,33.95,1084400,11/30/20
FLT,"Fleetcor Technologies",265.21,-2.39,-0.89%,268.23,262.28,630600,11/30/20
FMC,"FMC Corp",116.01,0.34,+0.29%,116.35,114.15,865300,11/30/20
FOX,"Fox Corp Cl B",28.38,-0.35,-1.22%,28.81,28.29,2144800,11/30/20
FOXA,"Fox Corp Cl A",28.84,-0.32,-1.10%,29.21,28.71,4109800,11/30/20
FRC,"First Republic Bank",129.56,-0.78,-0.60%,130.86,128.75,1012700,11/30/20
FRT,"Federal Realty Investment Trust",87.22,-1.15,-1.30%,88.8,86.34,5379300,11/30/20
FTI,"Technipfmc Plc",8.31,-0.66,-7.36%,9,8.28,7745000,11/30/20
FTNT,"Fortinet Inc",123.23,-0.56,-0.45%,124.1,120.14,1720200,11/30/20
FTV,"Fortive Corp",70.13,-1.3,-1.82%,70.55,69.22,2266400,11/30/20
GD,"General Dynamics Corp",149.35,-2.71,-1.78%,152.17,148.65,1571200,11/30/20
GE,"General Electric Company",10.18,-0.22,-2.12%,10.39,9.96,125076398,11/30/20
GILD,"Gilead Sciences Inc",60.67,0.64,+1.07%,60.79,59.64,16314699,11/30/20
GIS,"General Mills",60.82,0.69,+1.15%,60.85,59.62,4468000,11/30/20
GL,"Globe Life Inc",93.1,-2.92,-3.04%,95.78,92.93,1550200,11/30/20
GLW,"Corning Inc",37.42,0.33,+0.89%,37.42,36.66,5297600,11/30/20
GM,"General Motors Company",43.84,-1.22,-2.71%,45.32,43.62,21594000,11/30/20
GOOG,"Alphabet Cl C",1760.74,-32.45,-1.81%,1788.06,1755,1822700,11/30/20
GOOGL,"Alphabet Cl A",1754.4,-32.62,-1.83%,1780.33,1747.84,1620700,11/30/20
GPC,"Genuine Parts Company",98.37,0.01,+0.01%,98.49,96.55,1978800,11/30/20
GPN,"Global Payments Inc",195.19,-1.84,-0.93%,196.8,191.27,1575200,11/30/20
GPS,"Gap Inc",20.96,-0.79,-3.63%,21.87,20.39,20040500,11/30/20
GRMN,"Garmin Ltd",116.76,-0.29,-0.25%,117.07,114.31,1162500,11/30/20
GS,"Goldman Sachs Group",230.58,-4.82,-2.05%,235,230.36,2705100,11/30/20
GWW,"W.W. Grainger",418.3,3.72,+0.90%,418.75,411.58,565400,11/30/20
HAL,"Halliburton Company",16.59,-0.97,-5.52%,17.55,16.56,15726800,11/30/20
HAS,"Hasbro Inc",93.03,0.71,+0.77%,93.25,90.69,1223300,11/30/20
HBAN,"Huntington Bcshs",12.08,-0.38,-3.05%,12.52,12.05,12364199,11/30/20
HBI,"Hanesbrands Inc",14.2,-0.23,-1.59%,14.45,14,4904600,11/30/20
HCA,"Hca Holdings Inc",150.11,-2.94,-1.92%,152.46,148.92,1846200,11/30/20
HD,"Home Depot",277.41,1.42,+0.51%,277.76,271.92,4623400,11/30/20
HES,"Hess Corp",47.18,-3.59,-7.07%,50.98,46.88,4305200,11/30/20
HFC,"Hollyfrontier Corp",23.39,-1.54,-6.18%,24.68,23.24,5402100,11/30/20
HIG,"Hartford Financial Services Group",44.2,-1.63,-3.56%,45.42,43.93,7693600,11/30/20
HII,"Huntington Ingalls Industries",160.19,-4.34,-2.64%,164.38,159,612900,11/30/20
HLT,"Hilton Inc",103.63,-0.78,-0.75%,104.28,101.77,2952800,11/30/20
HOLX,"Hologic Inc",69.13,-0.38,-0.55%,69.87,68.12,2230300,11/30/20
HON,"Honeywell International Inc",203.92,-5.49,-2.62%,208.25,203.92,6465600,11/30/20
HPE,"Hewlett Packard Enterprise Comp",11.04,-0.18,-1.60%,11.39,10.94,18572299,11/30/20
HPQ,"Hp Inc",21.93,-0.34,-1.53%,22.28,21.8,14793899,11/30/20
HRL,"Hormel Foods Corp",47.18,-0.02,-0.04%,47.32,46.59,3413000,11/30/20
HSIC,"Henry Schein Inc",64.31,0.63,+0.99%,64.92,63.11,1323800,11/30/20
HST,"Host Marriott Financial Trust",14.03,-0.59,-4.04%,14.57,13.99,17143100,11/30/20
HSY,"Hershey Foods Corp",147.89,-0.16,-0.11%,148.03,146.23,1507400,11/30/20
HUM,"Humana Inc",400.52,-5.97,-1.47%,406.29,395.1,1336600,11/30/20
HWM,"Howmet Aerospace Inc",23.46,-1.14,-4.63%,24.56,23.43,6963000,11/30/20
IBM,"International Business Machines",123.52,-0.83,-0.67%,125,123.09,5987900,11/30/20
ICE,"Intercontinental Exchange",105.51,0.52,+0.50%,105.65,104.55,4146600,11/30/20
IDXX,"Idexx Laboratories",460.98,6.75,+1.49%,461.09,451.31,589700,11/30/20
IEX,"Idex Corp",193.15,0.79,+0.41%,193.25,189.81,437700,11/30/20
IFF,"International Flavors & Fragrances",112.1,-0.77,-0.68%,112.68,110.17,2359900,11/30/20
ILMN,"Illumina Inc",322.09,5.06,+1.60%,322.55,311.02,1603400,11/30/20
INCY,"Incyte Corp",84.54,1.29,+1.55%,84.97,82.89,3217000,11/30/20
INFO,"IHS Markit Ltd",99.46,6.88,+7.43%,101.45,97.5,8715700,11/30/20
INTC,"Intel Corp",48.35,0.9,+1.90%,48.5,47.26,46319000,11/30/20
INTU,"Intuit Inc",352.02,-2.22,-0.63%,356.44,348.13,1875700,11/30/20
IP,"International Paper Company",49.48,-1.21,-2.39%,50.62,49.33,3427000,11/30/20
IPG,"Interpublic Group of Companies",22.28,-0.52,-2.28%,22.69,22.2,4915500,11/30/20
IPGP,"Ipg Photonics Corp",207.01,3.49,+1.71%,207.02,200.53,571900,11/30/20
IQV,"Iqvia Holdings Inc",168.99,0.18,+0.11%,170.42,167.74,1643900,11/30/20
IR,"Ingersoll Rand Inc",44.27,-0.53,-1.18%,44.89,44.03,2517300,11/30/20
IRM,"Iron Mountain Inc",27.5,0.88,+3.31%,27.5,26.53,6963000,11/30/20
ISRG,"Intuitive Surg Inc",726.05,-3.77,-0.52%,733.89,721,784600,11/30/20
IT,"Gartner Inc",152,-0.55,-0.36%,153.71,150.37,556900,11/30/20
ITW,"Illinois Tool Works Inc",211.09,-1.14,-0.54%,211.1,208.04,2758600,11/30/20
IVZ,"Invesco Plc",16.23,-0.78,-4.59%,16.93,16.19,7028500,11/30/20
J,"Jacobs Engineering Group Inc",107.84,1.98,+1.87%,107.99,105.86,1180300,11/30/20
JBHT,"J B Hunt Transport",135.28,-0.01,-0.01%,136.75,134.52,585900,11/30/20
JCI,"Johnson Controls Intl",46.04,0.07,+0.15%,46.55,45.83,7699500,11/30/20
JKHY,"Jack Henry & Assoc",160.86,3.06,+1.94%,162.06,156.89,1348800,11/30/20
JNJ,"Johnson & Johnson",144.68,0.68,+0.47%,144.86,143.06,15657400,11/30/20
JNPR,"Juniper Networks",21.77,-0.44,-1.98%,22.09,21.56,6021100,11/30/20
JPM,"JP Morgan Chase & Company",117.88,-3.34,-2.76%,120.72,117.77,14410300,11/30/20
K,"Kellogg Company",63.91,0.43,+0.68%,63.92,62.49,3265100,11/30/20
KEY,Keycorp,15.46,-0.87,-5.33%,16.18,15.38,12859801,11/30/20
KEYS,"Keysight Technologies Inc Comm",120.04,0.97,+0.81%,120.09,118.17,1490800,11/30/20
KHC,"Kraft Heinz Company",32.94,0.1,+0.30%,32.97,32.47,5826000,11/30/20
KIM,"Kimco Realty Corp",14.44,-0.63,-4.18%,15.06,14.41,5826800,11/30/20
KLAC,"K L A-Tencor Corp",251.97,-2.16,-0.85%,256.99,248.41,1017700,11/30/20
KMB,"Kimberly-Clark Corp",139.31,-2.06,-1.46%,142.47,139.09,7673600,11/30/20
KMI,"Kinder Morgan",14.38,-0.37,-2.51%,14.68,14.3,36295098,11/30/20
KMX,"Carmax Inc",93.48,-1.89,-1.98%,95.95,92.65,986100,11/30/20
KO,"Coca-Cola Company",51.6,-1.1,-2.09%,52.19,51.08,43202000,11/30/20
KR,"Kroger Company",33,0.57,+1.76%,33.17,32.54,34107301,11/30/20
KSU,"Kansas City Southern",186.17,-3.33,-1.76%,191.95,185.85,1118300,11/30/20
L,"Loews Corp",41.91,-1.5,-3.46%,43.59,41.74,3555900,11/30/20
LB,"L Brands Inc",38.81,-0.03,-0.08%,38.88,37.66,4285400,11/30/20
LDOS,"Leidos Holdings Inc",100.7,-1.58,-1.54%,101.71,100.22,1783200,11/30/20
LEG,"Leggett & Platt Inc",43.1,-1.2,-2.71%,44.42,42.7,910400,11/30/20
LEN,"Lennar Corp",75.86,-1.85,-2.38%,77.56,74.85,2203400,11/30/20
LH,"Laboratory Corp of America Holdings",199.84,-0.16,-0.08%,201.61,197.82,582800,11/30/20
LHX,"L3Harris Technologies Inc",191.99,-2.48,-1.28%,194.53,189.85,1505300,11/30/20
LIN,"Linde Plc",256.42,-1.01,-0.39%,261.52,255.3,3384400,11/30/20
LKQ,"LKQ Corp",35.22,-0.76,-2.11%,35.71,34.98,2929800,11/30/20
LLY,"Eli Lilly and Company",145.65,-1.79,-1.21%,148.17,144.9,5842100,11/30/20
LMT,"Lockheed Martin Corp",365,-9.34,-2.50%,372.44,363.39,1607700,11/30/20
LNC,"Lincoln National Corp",47.22,-1.94,-3.95%,49.56,47.02,3003300,11/30/20
LNT,"Alliant Energy Corp",52.6,-0.16,-0.30%,52.95,52.11,2093100,11/30/20
LOW,"Lowe's Companies",155.82,1.15,+0.74%,155.86,151.39,7291900,11/30/20
LRCX,"Lam Research Corp",452.66,-3.88,-0.85%,456.89,445.6,1434400,11/30/20
LUMN,Centurylink,10.45,-0.01,-0.10%,10.6,10.36,10618700,11/30/20
LUV,"Southwest Airlines Company",46.34,-1.39,-2.91%,47.7,46.04,8788000,11/30/20
LVS,"Las Vegas Sands",55.71,-0.88,-1.56%,56.37,54.9,4883600,11/30/20
LW,"Lamb Weston Holdings Inc",72.38,-0.81,-1.11%,73,71.75,3592700,11/30/20
LYB,"Lyondellbasell Industries NV",85.1,-2.76,-3.14%,87.45,84.76,3826900,11/30/20
LYV,"Live Nation Entertainment",65.65,-1.58,-2.35%,67.25,64.92,2262200,11/30/20
MA,"Mastercard Inc",336.51,-2.56,-0.76%,338.05,330.18,4276000,11/30/20
MAA,"Mid-America Apartment Communities",126.16,2.16,+1.74%,126.3,122.45,2082800,11/30/20
MAR,"Marriot Int Cl A",126.87,-1.48,-1.15%,128.31,124.88,2094200,11/30/20
MAS,"Masco Corp",53.67,-0.57,-1.05%,54.43,52.99,2379800,11/30/20
MCD,"McDonald's Corp",217.44,-0.89,-0.41%,217.57,214.43,3412300,11/30/20
MCHP,"Microchip Technology",134.39,1.38,+1.04%,134.81,131.32,1877700,11/30/20
MCK,"Mckesson Corp",179.91,-0.09,-0.05%,182.52,179.24,1797500,11/30/20
MCO,"Moody's Corp",282.34,5.12,+1.85%,283.35,277.33,1527200,11/30/20
MDLZ,"Mondelez Intl Inc",57.45,-0.01,-0.02%,57.51,56.89,7659700,11/30/20
MDT,"Medtronic Inc",113.7,-0.89,-0.78%,114.44,113.06,5797200,11/30/20
MET,"Metlife Inc",46.17,-1.28,-2.70%,47.3,46.05,6815300,11/30/20
MGM,"MGM Resorts International",28.25,-0.37,-1.29%,28.93,27.59,9633800,11/30/20
MHK,"Mohawk Industries",125.83,-4.72,-3.62%,130.29,125.71,840000,11/30/20
MKC,"Mccormick & Company Inc",186.98,0.5,+0.27%,187.22,182.27,896100,11/30/20
MKTX,"Marketaxess Holdings",539.18,5.29,+0.99%,541.54,526.04,330400,11/30/20
MLM,"Martin Marietta Materials",265.63,-5.38,-1.99%,269.28,261.82,500200,11/30/20
MMC,"Marsh & Mclennan Companies",114.64,0.28,+0.24%,114.74,113.32,2837000,11/30/20
MMM,"3M Company",172.73,-4.16,-2.35%,176,172.7,6140700,11/30/20
MNST,"Monster Beverage Cp",84.78,0.63,+0.75%,84.85,83.28,2654400,11/30/20
MO,"Altria Group",39.83,-0.54,-1.34%,40.28,39.6,14472199,11/30/20
MOS,"Mosaic Company",21.96,-0.72,-3.17%,22.65,21.78,6196000,11/30/20
MPC,"Marathon Petroleum Corp",38.88,-2.54,-6.13%,41.49,38.64,13248199,11/30/20
MRK,"Merck & Company",80.39,0.53,+0.66%,80.54,79.41,13836199,11/30/20
MRO,"Marathon Oil Corp",5.92,-0.43,-6.77%,6.32,5.9,33818500,11/30/20
MS,"Morgan Stanley",61.83,-2.01,-3.15%,63.83,61.59,15610500,11/30/20
MSCI,"MSCI Inc",409.42,7.17,+1.78%,411.2,400.48,672600,11/30/20
MSFT,"Microsoft Corp",214.07,-1.16,-0.54%,214.76,210.84,33053902,11/30/20
MSI,"Motorola Solutions",171.53,-1.93,-1.11%,174.63,170.27,1513700,11/30/20
MTB,"M&T Bank Corp",116.49,-4.49,-3.71%,121.19,116.29,1832300,11/30/20
MTD,"Mettler-Toledo International",1150.04,23.36,+2.07%,1151.55,1123.49,177300,11/30/20
MU,"Micron Technology",64.09,-0.14,-0.22%,65.25,63.58,20370400,11/30/20
MXIM,"Maxim Integrated",83.04,0.63,+0.76%,83.43,82.05,2510600,11/30/20
NCLH,"Norwegian Cruise Ord",22.87,-0.81,-3.42%,24.2,22.32,25607100,11/30/20
NDAQ,"Nasdaq Inc",127.99,0.87,+0.68%,128.28,126.43,1037500,11/30/20
NEE,"Nextera Energy",73.59,-1.54,-2.05%,75.4,73.25,13117500,11/30/20
NEM,"Newmont Mining Corp",58.82,0.34,+0.58%,58.91,57.46,10965400,11/30/20
NFLX,"Netflix Inc",490.7,-0.66,-0.13%,492.55,481.27,3529600,11/30/20
NI,"NiSource Inc",24.2,-0.31,-1.26%,24.5,24.02,3601100,11/30/20
NKE,"Nike Inc",134.7,0.45,+0.34%,135.29,132.69,9652300,11/30/20
NLOK,"Nortonlifelock Inc",18.23,0.12,+0.66%,18.39,18,14397700,11/30/20
NLSN,"Nielsen Holdings Plc",16.17,-0.07,-0.43%,16.55,16.08,26169500,11/30/20
NOC,"Northrop Grumman Corp",302.26,-3.77,-1.23%,306.4,299.14,1154500,11/30/20
NOV,National-Oilwell,12.26,-0.89,-6.77%,13.19,12.19,33977699,11/30/20
NOW,"Servicenow Inc",534.55,7.07,+1.34%,535,520.98,1719500,11/30/20
NRG,"NRG Energy",32.75,0.24,+0.74%,33.06,32.13,4917200,11/30/20
NSC,"Norfolk Southern Corp",237.02,-5.7,-2.35%,244.49,236.78,2149100,11/30/20
NTAP,"Netapp Inc",53.31,0.05,+0.09%,53.37,52.33,4533900,11/30/20
NTRS,"Northern Trust Corp",93.12,-3.02,-3.14%,95.84,92.68,1163100,11/30/20
NUE,"Nucor Corp",53.7,-1.37,-2.49%,55.34,53.69,2847200,11/30/20
NVDA,"Nvidia Corp",536.06,5.61,+1.06%,536.5,518.89,7160500,11/30/20
NVR,"NVR Inc",3997.18,-123.04,-2.99%,4100,3950.01,38800,11/30/20
NWL,"Newell Rubbermaid Inc",21.26,0.19,+0.90%,21.49,20.95,4987300,11/30/20
NWS,"News Cp Cl B",17.81,0,0.00%,18.04,17.73,931600,11/30/20
NWSA,"News Cp Cl A",17.65,-0.06,-0.34%,17.92,17.59,7736800,11/30/20
O,"Realty Income Corp",59.97,-1.67,-2.71%,61.83,59.93,5519700,11/30/20
ODFL,"Old Dominion Freight Line Inc",203.36,1.37,+0.68%,204.32,199.29,965500,11/30/20
OKE,"Oneok Inc",35.87,-1.36,-3.65%,37.21,35.6,5530200,11/30/20
OMC,"Omnicom Group Inc",63,0,0.00%,63.95,62.56,4237900,11/30/20
ORCL,"Oracle Corp",57.72,-0.04,-0.07%,58.19,57.2,26676900,11/30/20
ORLY,"O'Reilly Automotive",442.44,-0.71,-0.16%,444.71,435.26,614600,11/30/20
OTIS,"Otis Worldwide Corp [Otis/I]",66.94,-0.4,-0.59%,67.7,66.38,1831000,11/30/20
OXY,"Occidental Petroleum Corp",15.76,-0.8,-4.83%,16.55,15.72,31022000,11/30/20
PAYC,"Paycom Software Inc",417.08,0.31,+0.07%,422.5,405.01,394800,11/30/20
PAYX,"Paychex Inc",93.15,-0.22,-0.24%,93.37,91.7,1847800,11/30/20
PBCT,"People's United Finl",12.4,-0.46,-3.58%,12.9,12.36,30511602,11/30/20
PCAR,"Paccar Inc",87.06,-0.68,-0.78%,87.9,86.37,2092000,11/30/20
PEAK,"Healthpeak Properties Inc",28.86,-1.02,-3.41%,29.93,28.78,7254500,11/30/20
PEG,"Public Service Enterprise Group Inc",58.28,-1.07,-1.80%,59.08,58.17,3996400,11/30/20
PEP,"Pepsico Inc",144.23,-0.37,-0.26%,144.63,142.88,4906800,11/30/20
PFE,"Pfizer Inc",38.31,1.08,+2.90%,38.8,37.6,65334801,11/30/20
PFG,"Principal Financial Group Inc",49.79,-1.61,-3.13%,51.58,49.61,2464700,11/30/20
PG,"Procter & Gamble Company",138.87,0.26,+0.19%,139.2,136.74,11640300,11/30/20
PGR,"Progressive Corp",87.11,-1.32,-1.49%,88.66,86.22,4022300,11/30/20
PH,"Parker-Hannifin Corp",267.26,-5.59,-2.05%,271.25,265.3,924900,11/30/20
PHM,Pultegroup,43.63,-0.73,-1.65%,44.62,42.78,5629500,11/30/20
PKG,"Packaging Corp of America",130,-2.77,-2.09%,132.21,129.21,696800,11/30/20
PKI,Perkinelmer,133,3.74,+2.89%,133.19,129.45,1220500,11/30/20
PLD,"Prologis Inc",100.05,-0.55,-0.55%,101.01,99.09,3730200,11/30/20
PM,"Philip Morris International Inc",75.75,-0.15,-0.20%,76.09,75.42,5539000,11/30/20
PNC,"PNC Bank",138.07,-1.72,-1.23%,139.54,137.77,4297600,11/30/20
PNR,"Pentair Ltd",51.82,-1.28,-2.41%,53.1,51.5,1596300,11/30/20
PNW,"Pinnacle West Capital Corp",81.85,-2.09,-2.49%,84.26,81.36,1460400,11/30/20
POOL,"Pool Corp",346.11,2.99,+0.87%,346.82,337.57,3029300,11/30/20
PPG,"PPG Industries",146.77,-1.01,-0.68%,147.35,144.35,1414900,11/30/20
PPL,"PPL Corp",28.42,-0.69,-2.37%,29,28.38,7431800,11/30/20
PRGO,"Perrigo Company",48.22,0.19,+0.40%,48.6,47.85,1136700,11/30/20
PRU,"Prudential Financial Inc",75.62,-2.47,-3.16%,77.99,75.34,3305200,11/30/20
PSA,"Public Storage",224.46,4.43,+2.01%,225.6,219.81,1465800,11/30/20
PSX,"Phillips 66",60.58,-4.65,-7.13%,64.5,60.3,6423000,11/30/20
PVH,"Phillips-Van Heusen Corp",79.49,-4.38,-5.22%,84.76,79.45,1388100,11/30/20
PWR,"Quanta Services",68.34,-1.59,-2.27%,70.2,67.91,1332000,11/30/20
PXD,"Pioneer Natural Resources Company",100.58,-9.49,-8.62%,108.69,100.27,3450700,11/30/20
PYPL,"Paypal Holdings",214.12,2.73,+1.29%,215.83,207.09,12973899,11/30/20
QCOM,"Qualcomm Inc",147.17,3.34,+2.32%,147.29,144.05,8708400,11/30/20
QRVO,"Qorvo Inc",156.68,6.57,+4.38%,157,151.52,2226200,11/30/20
RCL,"Royal Caribbean Cruises Ltd",78.81,-2.67,-3.28%,82,77.7,5831700,11/30/20
RE,"Everest Re Group",227.33,-6.12,-2.62%,233.04,225.53,1072000,11/30/20
REG,"Regency Centers Corp",45.58,-1.31,-2.79%,46.72,45.3,1689300,11/30/20
REGN,"Regeneron Pharmaceuticals",516.03,1.98,+0.39%,520.78,507.6,1707600,11/30/20
RF,"Regions Financial Corp",15.27,-0.35,-2.24%,15.96,15.24,12086800,11/30/20
RHI,"Robert Half International Inc",64.18,-1.33,-2.03%,65.51,63.83,1871700,11/30/20
RJF,"Raymond James Financial",90.95,-1.76,-1.90%,92.82,90.58,1250600,11/30/20
RL,"Ralph Lauren Corp",85.75,-2.23,-2.53%,87.76,85.14,5634300,11/30/20
RMD,"Resmed Inc",209.6,-0.04,-0.02%,211.02,207.87,828200,11/30/20
ROK,"Rockwell Automation Inc",255.56,-0.37,-0.14%,255.58,249.44,972900,11/30/20
ROL,"Rollins Inc",57.18,0.15,+0.26%,57.47,56.35,3640700,11/30/20
ROP,"Roper Industries",427,8.2,+1.96%,427.4,418,704300,11/30/20
ROST,"Ross Stores Inc",107.52,-2.02,-1.84%,108.44,106.65,5951000,11/30/20
RSG,"Republic Services",96.72,-0.32,-0.33%,97.06,96.02,3328400,11/30/20
RTX,"Raytheon Technologies Corp",71.72,-2.19,-2.96%,73.55,71.36,10730700,11/30/20
SBAC,"SBA Communications",287.18,1.45,+0.51%,287.41,282.65,1163900,11/30/20
SBUX,"Starbucks Corp",98.02,-0.64,-0.65%,98.29,96.96,5196200,11/30/20
SCHW,"The Charles Schwab Corp",48.78,-0.92,-1.85%,49.74,48.51,21664500,11/30/20
SEE,"Sealed Air Corp",45.06,0.53,+1.19%,45.13,44.31,2433500,11/30/20
SHW,"Sherwin-Williams Company",747.63,11.82,+1.61%,748.61,732.53,881000,11/30/20
SIVB,"Svb Financial Group",344.86,-8.93,-2.52%,354.08,342.93,397500,11/30/20
SJM,"J.M. Smucker Company",117.2,0.7,+0.60%,117.22,115.11,1380700,11/30/20
SLB,"Schlumberger N.V.",20.79,-1.09,-4.98%,21.98,20.78,21516002,11/30/20
SLG,"SL Green Realty Corp",57.9,-2.65,-4.38%,61.02,57.71,1855800,11/30/20
SNA,"Snap-On Inc",175.85,-1.15,-0.65%,176.91,174.81,430800,11/30/20
SNPS,"Synopsys Inc",227.5,2.08,+0.92%,228.2,222.79,1071200,11/30/20
SO,"Southern Company",59.85,-0.8,-1.32%,60.47,59.46,6823000,11/30/20
SPG,"Simon Property Group",82.57,-2.98,-3.48%,86.9,82.4,6984700,11/30/20
SPGI,"S&P Global Inc",351.78,10.21,+2.99%,353.16,342.25,3327200,11/30/20
SRE,"Sempra Energy",127.48,-2.98,-2.28%,130.45,127.26,2438400,11/30/20
STE,"Steris Corp",193.81,2.12,+1.11%,193.82,190.37,564400,11/30/20
STT,"State Street Corp",70.48,-1.11,-1.55%,72.5,70.15,2624900,11/30/20
STX,"Seagate Tech Ord Shs",58.81,0.33,+0.56%,59.34,58.12,4122600,11/30/20
STZ,"Constellation Brands Inc",205.84,1.03,+0.50%,205.94,202.54,1104400,11/30/20
SWK,"Stanley Black & Decker Inc",184.31,-3.4,-1.81%,187.53,182.82,1109700,11/30/20
SWKS,"Skyworks Solutions",141.17,5.01,+3.68%,141.25,136.38,2733100,11/30/20
SYF,"Synchrony Financial",30.47,-0.62,-1.99%,31.91,30.43,6726500,11/30/20
SYK,"Stryker Corp",233.4,0.59,+0.25%,234.74,230.76,1671800,11/30/20
SYY,"Sysco Corp",71.29,0.05,+0.07%,71.32,69.88,3650600,11/30/20
T,"AT&T Inc",28.75,-0.28,-0.96%,29.02,28.69,43324801,11/30/20
TAP,"Molson Coors Brewing Company",46,-0.8,-1.71%,46.63,45.71,5411700,11/30/20
TDG,"Transdigm Group Inc",579.19,-12.35,-2.09%,595.36,575.47,286200,11/30/20
TDY,"Teledyne Technologies Inc",377.94,-8.3,-2.15%,384.42,374.5,333100,11/30/20
TEL,"Te Connectivity Ltd",113.97,-1.34,-1.16%,115.35,113,2432400,11/30/20
TER,"Teradyne Inc",110.34,0.94,+0.86%,110.64,108.04,1560700,11/30/20
TFC,"Truist Financial Corp",46.42,-2.08,-4.29%,48.49,46.36,6850300,11/30/20
TFX,"Teleflex Inc",382.75,11.7,+3.15%,384.7,368.98,518500,11/30/20
TGT,"Target Corp",179.53,-0.24,-0.13%,180.07,176.24,8009400,11/30/20
TIF,"Tiffany & Company",131.48,-0.24,-0.18%,131.5,131.16,7906800,11/30/20
TJX,"TJX Companies",63.51,0.29,+0.46%,63.69,61.8,25960100,11/30/20
TMO,"Thermo Fisher Scientific Inc",464.98,11.58,+2.55%,466.59,455,2557000,11/30/20
TMUS,"T-Mobile US",132.94,1.04,+0.79%,133.05,130.13,5745700,11/30/20
TPR,"Tapestry Inc",28.32,-0.68,-2.34%,28.75,27.77,6126900,11/30/20
TROW,"T Rowe Price Group",143.41,-2.22,-1.52%,145.6,142.3,1142600,11/30/20
TRV,"The Travelers Companies Inc",129.65,-4.79,-3.56%,134,129.57,2684100,11/30/20
TSCO,"Tractor Supply Company",140.81,1.44,+1.03%,141.37,137.53,2894700,11/30/20
TSN,"Tyson Foods",65.2,0.2,+0.31%,65.2,64.05,5085500,11/30/20
TT,"Trane Technologies Plc",146.24,2.74,+1.91%,146.32,141.74,2778200,11/30/20
TTWO,"Take-Two Interacti",180.51,4.1,+2.32%,181.71,175.14,2666800,11/30/20
TWTR,"Twitter Inc",46.51,-0.08,-0.17%,46.82,44.94,9967399,11/30/20
TXN,"Texas Instruments",161.25,2.26,+1.42%,161.51,157.72,4844900,11/30/20
TXT,"Textron Inc",45.1,-1.77,-3.78%,46.9,45,1653200,11/30/20
TYL,"Tyler Technologies",427.6,1.49,+0.35%,428.18,421.17,249300,11/30/20
UA,"Under Armour Inc Cl C",14.55,-0.16,-1.09%,14.74,14.41,2968800,11/30/20
UAA,"Under Armour",16.57,-0.11,-0.66%,16.76,16.33,4781600,11/30/20
UAL,"United Airlines Holdings Inc",45.05,-0.25,-0.55%,46.5,44.2,23385102,11/30/20
UDR,"United Dominion Realty Trust",38.47,-0.75,-1.91%,39.41,38.23,7764100,11/30/20
UHS,"Universal Health Services",130.58,-1.53,-1.16%,131.99,129.07,1632400,11/30/20
ULTA,"Ulta Beauty Inc",275.4,-5.89,-2.09%,283.97,274.56,1577500,11/30/20
UNH,"Unitedhealth Group Inc",336.34,-1.6,-0.47%,337.94,330.29,5265600,11/30/20
UNM,"Unumprovident Corp",22.23,-0.91,-3.93%,23.2,22.19,2098800,11/30/20
UNP,"Union Pacific Corp",204.08,-1.56,-0.76%,206.75,202.89,2536900,11/30/20
UPS,"United Parcel Service",171.07,2.18,+1.29%,171.23,168.11,4707000,11/30/20
URI,"United Rentals",226.98,-5.93,-2.55%,232,226.06,1273600,11/30/20
USB,"U.S. Bancorp",43.21,-1,-2.26%,44.58,43.07,14916400,11/30/20
V,"Visa Inc",210.35,-0.65,-0.31%,210.54,206.6,7723500,11/30/20
VAR,"Varian Medical Systems",173.98,0.08,+0.05%,174.22,173.77,1359700,11/30/20
VFC,"V.F. Corp",83.4,-2.32,-2.71%,85.15,82.89,5198800,11/30/20
VIAC,"Viacomcbs Inc Cl B",35.28,0.22,+0.61%,35.41,34.82,18542900,11/30/20
VLO,"Valero Energy Corp",53.77,-2.85,-5.03%,56.39,53.71,5480600,11/30/20
VMC,"Vulcan Materials Company",139.65,-2.68,-1.88%,142.06,137.88,811100,11/30/20
VNO,"Vornado Realty Trust",38.91,-1.42,-3.52%,40.71,38.86,4177200,11/30/20
VNT,"Vontier Corp [Vnt/I]",33.17,-0.92,-2.70%,34.37,32.19,3411800,11/30/20
VRSK,"Verisk Analytics Inc",198.31,0.08,+0.04%,201.15,196.34,1175300,11/30/20
VRSN,"Verisign Inc",200.72,0.2,+0.10%,201.07,196.58,1024400,11/30/20
VRTX,"Vertex Pharmaceutic",227.75,1.04,+0.46%,232.17,224.3,4585400,11/30/20
VTR,"Ventas Inc",47.91,0.01,+0.02%,49.28,47.81,2979100,11/30/20
VTRS,"Viatris Inc",16.82,-0.23,-1.35%,17.16,16.8,21164600,11/30/20
VZ,"Verizon Communications Inc",60.41,-0.17,-0.28%,60.6,60.19,21838100,11/30/20
WAB,"Wabtec Corp",73.3,-0.52,-0.70%,73.63,72.39,1514300,11/30/20
WAT,"Waters Corp",232.01,3.74,+1.64%,232.05,225.82,562500,11/30/20
WBA,"Walgreens Boots Alliance",38.01,-0.99,-2.54%,39.1,37.89,13855900,11/30/20
WDC,"Western Digital Cp",44.88,-0.97,-2.12%,46.54,44.74,4834100,11/30/20
WEC,"Wisconsin Energy Corp",94.95,-0.79,-0.83%,95.46,94.13,3320200,11/30/20
WELL,"Welltower Inc",62.98,-1.56,-2.42%,64.96,62.96,3714300,11/30/20
WFC,"Wells Fargo & Company",27.35,-1.11,-3.90%,28.56,27.28,48176199,11/30/20
WHR,"Whirlpool Corp",194.61,-6.35,-3.16%,199.8,192.59,710000,11/30/20
WLTW,"Willis Towers WT",208.19,-1.36,-0.65%,211.48,207.23,1083700,11/30/20
WM,"Waste Management",119.13,-0.06,-0.05%,119.88,118.29,1566600,11/30/20
WMB,"Williams Companies",20.98,-0.48,-2.24%,21.61,20.87,11549000,11/30/20
WMT,"Wal-Mart Stores",152.79,1.19,+0.78%,152.95,150.1,10892199,11/30/20
WRB,"W.R. Berkley Corp",65.13,0.72,+1.12%,65.16,63.12,10657200,11/30/20
WRK,"Westrock Company",42.21,-1.85,-4.20%,43.71,42.14,2610700,11/30/20
WST,"West Pharmaceutical Services",275.16,-2.8,-1.01%,280.5,271.87,775300,11/30/20
WU,"Western Union Company",22.56,0.04,+0.18%,22.62,22.23,7678100,11/30/20
WY,"Weyerhaeuser Company",29.04,0.33,+1.15%,29.06,28.25,6034700,11/30/20
WYNN,"Wynn Resorts Ltd",100.5,-0.72,-0.71%,101.66,97.23,3070900,11/30/20
XEL,"XCEL Energy Inc",67.36,-0.26,-0.38%,67.97,67,6760300,11/30/20
XLNX,"Xilinx Inc",145.55,8.06,+5.86%,145.84,136.65,4899900,11/30/20
XOM,"Exxon Mobil Corp",38.13,-2.06,-5.13%,39.88,37.97,45592004,11/30/20
XRAY,"Dentsply Sirona Inc",50.89,-0.77,-1.49%,51.99,50.72,1527600,11/30/20
XRX,"Xerox Corp",21.89,-1.33,-5.73%,23.08,21.79,3263500,11/30/20
XYL,"Xylem Inc",95.97,-1.17,-1.20%,97.12,95.06,1498800,11/30/20
YUM,"Yum! Brands",105.8,-1.38,-1.29%,106.49,105.01,2902700,11/30/20
ZBH,"Zimmer Biomet Holdings",149.12,-0.9,-0.60%,151.46,148.73,880200,11/30/20
ZBRA,"Zebra Technologies",378.42,1.42,+0.38%,380.22,369.01,603300,11/30/20
ZION,"Zions Bancorp",38.59,-0.87,-2.20%,39.8,38.44,12464100,11/30/20
ZTS,"Zoetis Inc Cl A",160.38,-1.09,-0.68%,162.48,159.65,4533900,11/30/20
"Downloaded from Barchart.com as of 11-30-2020 07:35pm CST"
