Symbol,Name,Last,"Wtd Alpha","YTD %Chg","1M %Chg","3M %Chg","52W %Chg"
A,"Agilent Technologies",116.9,+51.86,+37.03%,+14.51%,+17.02%,+44.73%
AAL,"American Airlines Gp",14.13,-47.56,-50.73%,+25.27%,+3.97%,-50.84%
AAP,"Advance Auto Parts Inc",147.7,+8.56,-7.78%,+0.29%,-4.57%,-5.97%
AAPL,"Apple Inc",119.05,+77.12,+62.17%,+9.36%,-4.61%,+78.19%
ABBV,"Abbvie Inc",104.58,+26.59,+18.12%,+22.89%,+11.05%,+19.21%
ABC,"Amerisourcebergen Corp",103.11,+18.28,+21.28%,+7.33%,+5.70%,+17.29%
ABMD,"Abiomed Inc",274.1,+48.11,+60.68%,+8.82%,-9.55%,+39.72%
ABT,"Abbott Laboratories",108.22,+28.54,+24.59%,+2.96%,-2.32%,+26.65%
ACN,"Accenture Plc",249.09,+29.75,+18.29%,+14.84%,+2.51%,+23.83%
ADBE,"Adobe Systems Inc",478.47,+51.16,+45.07%,+7.02%,-7.35%,+54.58%
ADI,"Analog Devices",139.08,+29.23,+17.03%,+17.34%,+16.31%,+23.13%
ADM,"Archer Daniels Midland",49.77,+21.41,+7.38%,+7.63%,+10.85%,+15.93%
ADP,"Automatic Data Procs",173.88,+16.28,+1.98%,+10.08%,+23.02%,+1.82%
ADSK,"Autodesk Inc",280.23,+63.68,+52.75%,+18.97%,+13.27%,+54.91%
AEE,"Ameren Corp",77.78,+3.39,+1.28%,-4.12%,-1.12%,+4.64%
AEP,"American Electric Power Company",84.89,-5.92,-10.18%,-5.60%,+8.35%,-7.07%
AES,"The Aes Corp",20.44,+26.64,+2.71%,+4.82%,+14.19%,+8.09%
AFL,"Aflac Inc",43.93,-9.31,-16.96%,+29.40%,+18.31%,-19.89%
AIG,"American International Group",38.44,-5.07,-25.11%,+22.07%,+30.88%,-27.00%
AIV,"Apartment Investment and Management",30.35,-34.58,-41.24%,-4.86%,-16.58%,-43.56%
AIZ,"Assurant Inc",129.12,+6.34,-1.50%,+3.82%,+5.25%,-2.82%
AJG,"Arthur J. Gallagher & Company",115.41,+29.99,+21.19%,+11.28%,+9.86%,+23.74%
AKAM,"Akamai Technologies",103.51,+15.70,+19.83%,+8.82%,-10.48%,+18.81%
ALB,"Albemarle Corp",135.97,+126.78,+86.16%,+45.87%,+47.28%,+107.97%
ALGN,"Align Technology",481.29,+76.90,+72.48%,+12.96%,+60.12%,+73.54%
ALK,"Alaska Air Group",50.97,+5.70,-24.77%,+34.52%,+25.14%,-26.14%
ALL,"Allstate Corp",102.35,-1.48,-8.98%,+15.32%,+8.54%,-8.08%
ALLE,"Allegion Plc",114.04,+7.17,-8.43%,+15.78%,+9.65%,-4.99%
ALXN,"Alexion Pharm Inc",122.11,+14.11,+12.91%,+6.05%,+14.13%,+7.17%
AMAT,"Applied Materials",82.48,+72.35,+35.12%,+39.25%,+30.78%,+42.45%
AMCR,"Amcor Plc",11.33,+22.01,+4.52%,+8.63%,+0.71%,+10.43%
AMD,"Adv Micro Devices",92.66,+124.85,+102.05%,+23.07%,+8.31%,+136.68%
AME,"Amtek Inc",118.53,+32.91,+18.84%,+20.70%,+16.29%,+19.72%
AMGN,"Amgen Inc",222.04,-6.43,-7.89%,+2.35%,-12.28%,-5.40%
AMP,"Ameriprise Financial Services",185.24,+16.45,+11.20%,+15.18%,+16.58%,+13.04%
AMT,"American Tower Corp",231.2,+3.16,+0.60%,+0.67%,-7.37%,+8.02%
AMZN,"Amazon.com Inc",3168.04,+72.10,+71.45%,+4.34%,-6.87%,+75.92%
ANET,"Arista Networks Inc",270.7,+38.33,+33.09%,+29.58%,+21.91%,+38.73%
ANSS,"Ansys Inc",338.06,+34.79,+31.33%,+11.07%,+0.40%,+32.73%
ANTM,"Anthem Inc",311.52,+27.68,+3.14%,+14.19%,+12.35%,+7.92%
AON,"AON Plc",204.89,-0.81,-1.63%,+11.35%,+2.39%,+0.63%
AOS,"Smith A.O. Corp",56.31,+28.08,+18.20%,+8.94%,+14.08%,+16.34%
APA,"Apache Corp",12.89,+1.73,-49.63%,+55.30%,-14.32%,-42.15%
APD,"Air Products and Chemicals",280.14,+20.58,+19.21%,+1.41%,-5.60%,+18.54%
APH,"Amphenol Corp",130.81,+39.92,+20.86%,+15.93%,+19.16%,+25.78%
APTV,"Aptiv Plc",118.7,+49.04,+24.99%,+23.02%,+36.05%,+26.44%
ARE,"Alexandria Real Estate Equities",163.73,+2.21,+1.33%,+8.06%,-3.52%,+0.74%
ATO,"Atmos Energy Corp",95.89,-10.23,-14.28%,+4.60%,-3.71%,-10.35%
ATVI,"Activision Blizzard",79.48,+38.51,+33.76%,+4.95%,-4.48%,+44.96%
AVB,"Avalonbay Communities",166.59,-9.09,-20.56%,+19.74%,+4.37%,-22.30%
AVGO,"Broadcom Ltd",401.58,+40.25,+27.07%,+14.86%,+16.46%,+27.00%
AVY,"Avery Dennison Corp",149.34,+24.81,+14.16%,+7.91%,+26.37%,+14.55%
AWK,"American Water Works",153.38,+29.70,+24.85%,+1.91%,+8.94%,+26.73%
AXP,"American Express Company",118.59,+9.59,-4.74%,+29.98%,+15.65%,-1.27%
AZO,Autozone,1137.65,+9.54,-4.50%,+0.77%,-4.33%,-3.42%
BA,"Boeing Company",210.71,-20.33,-35.32%,+45.93%,+19.86%,-42.46%
BAC,"Bank of America Corp",28.16,-8.79,-20.05%,+18.82%,+7.07%,-15.49%
BAX,"Baxter International Inc",76.07,-12.34,-9.03%,-1.93%,-11.58%,-7.20%
BBY,"Best Buy Company",108.8,+33.69,+23.92%,-2.47%,-2.18%,+34.92%
BDX,"Becton Dickinson and Company",234.84,-9.99,-13.65%,+1.61%,-3.28%,-9.15%
BEN,"Franklin Resources",21.99,-11.13,-15.36%,+17.28%,+3.09%,-20.01%
BF.B,"Brown Forman Inc Cl B",80.66,+32.35,+19.32%,+15.71%,+9.59%,+18.93%
BIIB,"Biogen Inc",240.17,-30.44,-19.06%,-4.72%,-14.67%,-19.89%
BIO,"Bio-Rad Laboratories",538.5,+42.39,+45.53%,-8.17%,+7.95%,+45.78%
BK,"Bank of New York Mellon Corp",39.12,-13.61,-22.27%,+13.85%,+4.15%,-20.11%
BKNG,"Booking Holdings Inc",2028.45,+15.75,-1.23%,+25.02%,+4.28%,+6.53%
BKR,"Baker Hughes A Ge CO Cl A",18.72,+1.27,-26.96%,+26.74%,+26.49%,-16.50%
BLK,Blackrock,698.35,+47.73,+38.92%,+16.55%,+16.19%,+41.11%
BLL,"Ball Corp",96.01,+57.90,+48.46%,+7.88%,+19.61%,+45.34%
BMY,"Bristol-Myers Squibb Company",62.4,+5.24,-2.79%,+6.76%,+0.05%,+9.59%
BR,"Broadridge Financial Solutions Llc",146.88,+26.14,+18.89%,+6.74%,+6.07%,+18.73%
BRK.B,"Berkshire Hathaway Cl B",228.91,+10.52,+1.06%,+13.38%,+4.74%,+3.91%
BSX,"Boston Scientific Corp",33.15,-25.01,-26.69%,-3.27%,-19.21%,-23.35%
BWA,"Borgwarner Inc",38.85,-0.48,-10.44%,+11.06%,-6.23%,-7.61%
BXP,"Boston Properties",98.16,-19.74,-28.80%,+35.56%,+10.37%,-29.15%
C,"Citigroup Inc",55.07,-17.13,-31.07%,+32.96%,+5.34%,-26.69%
CAG,"Conagra Brands Inc",36.56,+21.71,+6.78%,+4.19%,-4.19%,+26.64%
CAH,"Cardinal Health",54.59,+3.79,+7.93%,+19.22%,+8.10%,-0.80%
CARR,"Carrier Global Corp [Carr/I]",38.07,+210.06,+217.25%,+14.02%,+25.64%,+217.25%
CAT,"Caterpillar Inc",173.59,+35.21,+17.54%,+10.53%,+20.86%,+19.94%
CB,"Chubb Ltd",147.83,+8.22,-5.03%,+13.79%,+16.96%,-2.41%
CBOE,"CBOE Global Markets Inc",91.32,-19.72,-23.90%,+12.34%,-0.47%,-23.20%
CBRE,"CBRE Group Inc",61.14,+19.70,-0.24%,+21.31%,+27.77%,+7.23%
CCI,"Crown Castle International Corp",167.57,+20.84,+17.88%,+7.28%,+2.31%,+25.37%
CCL,"Carnival Corp",19.98,-25.14,-60.69%,+45.73%,+16.10%,-55.68%
CDNS,"Cadence Design Sys",116.3,+72.90,+67.68%,+6.34%,+4.91%,+65.55%
CDW,"CDW Corp",130.49,+4.19,-8.65%,+6.44%,+13.14%,-3.38%
CE,"Celanese Corp",129.33,+18.42,+5.04%,+13.94%,+24.43%,+2.99%
CERN,"Cerner Corp",74.84,+7.81,+1.98%,+6.78%,+2.80%,+4.54%
CF,"Cf Industries Holdings",37.3,+2.09,-21.87%,+35.10%,+12.32%,-19.28%
CFG,"Citizens Financial Group Inc/Ri",32.66,-1.04,-19.58%,+19.85%,+24.23%,-15.08%
CHD,"Church & Dwight Company",87.77,+23.98,+24.78%,-0.70%,-7.52%,+24.96%
CHRW,"C.H. Robinson Ww",93.97,+25.09,+20.17%,+6.26%,-4.82%,+22.28%
CHTR,"Charter Communicatio",651.99,+42.07,+34.41%,+7.98%,+5.90%,+38.72%
CI,"Cigna Corp",209.14,+12.19,+2.27%,+25.26%,+15.45%,+4.61%
CINF,"Cincinnati Financial",76.35,-18.85,-27.39%,+7.93%,-5.03%,-28.68%
CL,"Colgate-Palmolive Company",85.64,+29.06,+24.40%,+8.56%,+7.90%,+26.28%
CLX,"Clorox Company",202.96,+24.39,+32.19%,-2.07%,-6.53%,+36.92%
CMA,"Comerica Inc",49.2,-16.93,-31.43%,+8.11%,+22.42%,-30.12%
CMCSA,"Comcast Corp A",50.24,+22.90,+11.72%,+18.94%,+12.75%,+13.79%
CME,"CME Group Inc",175.03,-11.33,-12.80%,+16.13%,-1.13%,-13.66%
CMG,"Chipotle Mexican Grill",1289.43,+52.65,+54.03%,+7.32%,-0.93%,+58.42%
CMI,"Cummins Inc",231.17,+39.88,+29.17%,+5.13%,+10.76%,+26.42%
CMS,"Cms Energy Corp",61.54,+1.67,-2.07%,-2.83%,+2.48%,+0.39%
CNC,"Centene Corp",61.65,+1.46,-1.94%,+4.31%,+1.93%,+1.95%
CNP,"Centerpoint Energy Inc",23.19,-2.31,-14.96%,+9.75%,+16.24%,-5.58%
COF,"Capital One Financial Corp",85.64,+8.79,-16.78%,+17.19%,+20.40%,-14.37%
COG,"Cabot Oil & Gas Corp",17.52,+4.61,+0.63%,-1.52%,-7.55%,+9.91%
COO,"Cooper Companies",335.22,+10.87,+4.34%,+5.07%,+6.12%,+7.07%
COP,Conocophillips,39.56,-20.28,-39.17%,+38.23%,+3.07%,-34.00%
COST,"Costco Wholesale",391.77,+38.09,+33.29%,+9.55%,+12.46%,+30.67%
CPB,"Campbell Soup Company",50.02,+5.19,+1.21%,+7.18%,-4.07%,+7.41%
CPRT,"Copart Inc",115.45,+38.08,+26.95%,+4.61%,+10.92%,+29.72%
CRM,"Salesforce.com Inc",245.8,+42.30,+51.13%,+5.83%,-9.33%,+50.90%
CSCO,"Cisco Systems Inc",43.02,-0.95,-10.30%,+19.83%,+1.94%,-5.05%
CSX,"CSX Corp",90.05,+36.41,+24.45%,+14.07%,+16.84%,+25.87%
CTAS,"Cintas Corp",355.3,+60.47,+32.04%,+12.96%,+6.42%,+38.22%
CTLT,"Catalent Inc",96.14,+77.80,+70.76%,+9.54%,+9.67%,+84.92%
CTSH,"Cognizant Tech Sol",78.13,+31.96,+25.98%,+9.40%,+15.42%,+21.87%
CTVA,"Corteva Inc",38.32,+59.11,+29.63%,+16.19%,+29.81%,+47.27%
CTXS,"Citrix Systems Inc",123.92,+3.65,+11.74%,+9.40%,-13.96%,+9.85%
CVS,"CVS Corp",67.79,-3.26,-8.75%,+20.86%,+7.25%,-9.94%
CVX,"Chevron Corp",87.18,-10.46,-27.66%,+25.44%,+1.81%,-25.57%
CXO,"Concho Resources Inc",57.48,-22.38,-34.36%,+38.47%,+9.99%,-20.78%
D,"Dominion Resources",78.49,-3.20,-5.23%,-2.30%,+0.60%,-5.56%
DAL,"Delta Air Lines Inc",40.25,+2.31,-31.17%,+31.36%,+25.82%,-29.77%
DD,"Du Pont De.Nemours Inc",63.44,+8.19,-1.18%,+11.53%,+10.95%,-2.11%
DE,"Deere & Company",261.62,+77.39,+51.00%,+15.81%,+24.64%,+55.68%
DFS,"Discover Financial Services",76.17,+27.62,-10.20%,+17.17%,+40.41%,-10.25%
DG,"Dollar General Corp",218.58,+42.63,+40.13%,+4.73%,+9.08%,+38.90%
DGX,"Quest Diagnostics Inc",123.98,+20.65,+16.10%,+1.51%,+11.95%,+16.36%
DHI,"D.R. Horton",74.5,+52.78,+41.23%,+11.51%,+3.70%,+34.60%
DHR,"Danaher Corp",224.63,+53.85,+46.36%,-2.14%,+9.23%,+53.88%
DIS,"Walt Disney Company",148.01,+14.11,+2.34%,+22.07%,+9.20%,-2.36%
DISCA,"Discovery Comm A",26.91,-3.03,-17.81%,+32.95%,+17.64%,-18.31%
DISCK,"Discovery Comm Inc",24.02,-5.54,-21.22%,+31.11%,+16.15%,-21.30%
DISH,"Dish Network Corp",35.87,+24.23,+1.13%,+40.72%,+3.02%,+4.98%
DLR,"Digital Realty Trust",134.75,+6.46,+12.54%,-6.62%,-12.66%,+11.41%
DLTR,"Dollar Tree Inc",109.24,+28.71,+16.15%,+20.95%,+15.32%,+19.44%
DOV,"Dover Corp",122.03,+24.53,+5.87%,+10.22%,+9.56%,+9.46%
DOW,"Dow Inc",53.01,+25.48,-3.14%,+16.53%,+15.11%,-0.67%
DPZ,"Domino's Pizza Inc",392.57,+24.74,+33.63%,+3.77%,-5.63%,+33.39%
DRE,"Duke Realty Corp",38.06,+9.95,+9.78%,+0.18%,-1.60%,+8.19%
DRI,"Darden Restaurants",107.98,+13.55,-0.94%,+17.47%,+20.16%,-8.83%
DTE,"Dte Energy Company",125.81,+2.04,-3.13%,+1.94%,+6.75%,+0.70%
DUK,"Duke Energy Corp",92.66,+7.74,+1.59%,+0.60%,+16.25%,+5.09%
DVA,"Davita Healthcare Partners Inc",109.85,+60.55,+46.41%,+27.36%,+26.35%,+53.06%
DVN,"Devon Energy Corp",13.99,-14.30,-46.13%,+56.66%,+26.04%,-36.09%
DXC,"Dxc Technology Company",21.91,-34.86,-41.71%,+18.95%,+6.57%,-41.31%
DXCM,Dexcom,319.68,+21.71,+46.15%,+0.03%,-23.69%,+40.64%
EA,"Electronic Arts Inc",127.75,+20.64,+18.83%,+6.61%,-9.31%,+26.47%
EBAY,"Ebay Inc",50.43,+39.06,+39.66%,+5.88%,-7.08%,+41.98%
ECL,"Ecolab Inc",222.15,+23.26,+15.11%,+21.00%,+10.80%,+19.01%
ED,"Consolidated Edison Company of New York",76.25,-10.30,-15.72%,-2.85%,+7.52%,-12.25%
EFX,"Equifax Inc",166.9,+27.67,+19.11%,+22.18%,-0.87%,+19.52%
EIX,"Edison International",61.36,-7.24,-18.63%,+9.49%,+17.62%,-11.20%
EL,"Estee Lauder Companies",245.32,+32.85,+18.78%,+11.68%,+10.04%,+25.50%
EMN,"Eastman Chemical Company",97.4,+32.82,+22.89%,+20.48%,+30.86%,+24.28%
EMR,"Emerson Electric Company",76.82,+14.66,+0.73%,+18.57%,+8.73%,+4.01%
EOG,"Eog Resources",46.88,-16.85,-44.03%,+36.92%,+1.45%,-33.88%
EQIX,"Equinix Inc",697.79,+17.12,+19.55%,-4.57%,-11.34%,+23.10%
EQR,"Equity Residential",57.92,-26.36,-28.42%,+23.29%,+1.56%,-31.94%
ES,"Eversource Energy",87.51,+10.49,+2.87%,+0.28%,+3.23%,+5.89%
ESS,"Essex Property Trust",245.88,-10.54,-18.27%,+20.18%,+11.44%,-21.24%
ETN,"Eaton Corp",121.11,+49.44,+27.86%,+16.69%,+17.00%,+30.93%
ETR,"Entergy Corp",108.85,-2.91,-9.14%,+7.54%,+9.99%,-6.48%
ETSY,"Etsy Inc",160.7,+279.88,+262.75%,+32.17%,+34.30%,+270.36%
EVRG,"Evergy Inc",55.41,-13.30,-14.87%,+0.38%,+4.59%,-12.42%
EW,"Edwards Lifesciences Corp",83.89,+11.35,+7.88%,+17.02%,-0.52%,+2.75%
EXC,"Exelon Corp",41.07,-2.69,-9.91%,+2.96%,+10.88%,-7.50%
EXPD,"Expeditors Intl",89.37,+24.27,+14.55%,+1.13%,+0.55%,+19.54%
EXPE,"Expedia Group Inc",124.49,+50.82,+15.12%,+32.23%,+23.39%,+22.46%
EXR,"Extra Space Storage Inc",112.73,+10.20,+6.73%,-2.78%,+5.61%,+6.30%
F,"Ford Motor Company",9.08,+13.29,-2.37%,+17.46%,+30.84%,+0.22%
FANG,"Diamondback Energy",39.96,-34.40,-56.97%,+53.93%,-0.45%,-48.33%
FAST,"Fastenal Company",49.45,+41.84,+33.83%,+14.39%,+1.25%,+39.22%
FB,"Facebook Inc",276.97,+40.93,+34.94%,+5.27%,-5.68%,+37.36%
FBHS,"Fortune Brands Home & Security",83.5,+24.69,+27.79%,+3.25%,-2.24%,+31.99%
FCX,"Freeport-Mcmoran Inc",23.39,+151.39,+78.28%,+34.89%,+49.46%,+105.54%
FDX,"Fedex Corp",286.58,+113.58,+89.52%,+10.45%,+29.15%,+79.06%
FE,"Firstenergy Corp",26.56,-38.57,-45.35%,-10.63%,-6.18%,-44.31%
FFIV,"F5 Networks Inc",162.81,+28.71,+16.58%,+22.47%,+24.98%,+11.74%
FIS,"Fidelity National Information Services",148.41,+10.67,+6.70%,+19.12%,-2.66%,+7.43%
FISV,"Fiserv Inc",115.18,+9.23,-0.39%,+20.65%,+15.00%,-0.91%
FITB,"Fifth Third Bncp",25.34,-8.19,-17.57%,+9.13%,+20.04%,-16.06%
FLIR,"Flir Systems Inc",38.24,-20.02,-26.56%,+10.23%,+4.97%,-28.60%
FLS,"Flowserve Corp",34.08,-6.34,-31.53%,+17.03%,+11.63%,-30.02%
FLT,"Fleetcor Technologies",265.21,-6.97,-7.82%,+20.05%,+4.00%,-13.59%
FMC,"FMC Corp",116.01,+26.70,+16.22%,+12.92%,+6.28%,+18.43%
FOX,"Fox Corp Cl B",28.38,-10.24,-22.03%,+8.57%,+1.65%,-18.87%
FOXA,"Fox Corp Cl A",28.84,-11.35,-22.20%,+8.75%,+3.69%,-19.35%
FRC,"First Republic Bank",129.56,+21.58,+10.31%,+2.71%,+12.92%,+17.89%
FRT,"Federal Realty Investment Trust",87.22,-29.45,-32.25%,+26.81%,+8.42%,-33.96%
FTI,"Technipfmc Plc",8.31,-37.98,-61.24%,+50.27%,+6.54%,-55.89%
FTNT,"Fortinet Inc",123.23,+5.60,+15.43%,+11.65%,-5.74%,+17.24%
FTV,"Fortive Corp",70.13,+3.39,-8.19%,+13.85%,-3.71%,-2.83%
GD,"General Dynamics Corp",149.35,-12.77,-15.31%,+13.72%,-1.92%,-17.82%
GE,"General Electric Company",10.18,+13.72,-8.78%,+37.20%,+54.01%,-9.67%
GILD,"Gilead Sciences Inc",60.67,-13.98,-6.63%,+4.33%,-7.03%,-9.77%
GIS,"General Mills",60.82,+11.90,+13.55%,+2.88%,-4.05%,+14.07%
GL,"Globe Life Inc",93.1,-3.13,-11.54%,+14.81%,+9.76%,-9.40%
GLW,"Corning Inc",37.42,+49.74,+28.55%,+17.05%,+14.57%,+28.86%
GM,"General Motors Company",43.84,+49.95,+19.78%,+26.96%,+46.04%,+21.78%
GOOG,"Alphabet Cl C",1760.74,+37.53,+31.69%,+8.62%,+7.07%,+34.93%
GOOGL,"Alphabet Cl A",1754.4,+37.09,+30.99%,+8.56%,+7.01%,+34.53%
GPC,"Genuine Parts Company",98.37,+13.71,-7.40%,+8.78%,+3.68%,-5.75%
GPN,"Global Payments Inc",195.19,+30.07,+6.92%,+23.74%,+10.11%,+7.78%
GPS,"Gap Inc",20.96,+32.18,+18.55%,+7.76%,+19.50%,+26.19%
GRMN,"Garmin Ltd",116.76,+31.75,+19.68%,+12.25%,+12.53%,+19.52%
GS,"Goldman Sachs Group",230.58,+9.98,+0.28%,+21.97%,+11.01%,+4.17%
GWW,"W.W. Grainger",418.3,+42.97,+23.57%,+19.51%,+14.30%,+31.98%
HAL,"Halliburton Company",16.59,+36.39,-32.20%,+37.56%,+1.97%,-20.96%
HAS,"Hasbro Inc",93.03,-4.62,-11.91%,+12.46%,+14.94%,-8.53%
HBAN,"Huntington Bcshs",12.08,-13.73,-19.89%,+15.71%,+26.23%,-18.87%
HBI,"Hanesbrands Inc",14.2,-16.35,-4.38%,-11.64%,-9.67%,-5.77%
HCA,"Hca Holdings Inc",150.11,+14.50,+1.56%,+21.12%,+10.38%,+8.26%
HD,"Home Depot",277.41,+34.05,+27.03%,+4.01%,-3.10%,+25.80%
HES,"Hess Corp",47.18,-7.96,-29.38%,+26.76%,+0.51%,-24.01%
HFC,"Hollyfrontier Corp",23.39,-50.07,-53.87%,+26.36%,-9.38%,-54.63%
HIG,"Hartford Financial Services Group",44.2,-18.52,-27.27%,+14.75%,+6.48%,-28.55%
HII,"Huntington Ingalls Industries",160.19,-32.55,-36.15%,+8.62%,+5.07%,-36.35%
HLT,"Hilton Inc",103.63,+12.50,-6.56%,+18.02%,+12.97%,-1.30%
HOLX,"Hologic Inc",69.13,+38.96,+32.41%,+0.45%,+14.51%,+34.70%
HON,"Honeywell International Inc",203.92,+38.13,+15.21%,+23.63%,+21.11%,+14.21%
HPE,"Hewlett Packard Enterprise Comp",11.04,-19.26,-30.39%,+27.78%,+12.31%,-30.26%
HPQ,"Hp Inc",21.93,+18.69,+6.72%,+22.10%,+10.48%,+9.21%
HRL,"Hormel Foods Corp",47.18,+1.33,+4.59%,-3.10%,-6.80%,+5.95%
HSIC,"Henry Schein Inc",64.31,-1.16,-3.61%,+1.15%,-3.21%,-6.66%
HST,"Host Marriott Financial Trust",14.03,-20.42,-24.37%,+33.87%,+20.02%,-19.78%
HSY,"Hershey Foods Corp",147.89,+2.30,+0.62%,+7.59%,-0.88%,-0.18%
HUM,"Humana Inc",400.52,+15.66,+9.28%,+0.31%,-1.84%,+17.38%
HWM,"Howmet Aerospace Inc",23.46,+10.14,-23.76%,+36.00%,+30.26%,-24.22%
IBM,"International Business Machines",123.52,-4.65,-7.85%,+10.62%,-1.24%,-8.13%
ICE,"Intercontinental Exchange",105.51,+16.59,+14.00%,+11.77%,-0.05%,+12.04%
IDXX,"Idexx Laboratories",460.98,+100.26,+76.53%,+8.51%,+20.05%,+83.23%
IEX,"Idex Corp",193.15,+24.21,+12.30%,+13.36%,+6.78%,+18.69%
IFF,"International Flavors & Fragrances",112.1,-24.37,-13.11%,+9.20%,-9.94%,-20.63%
ILMN,"Illumina Inc",322.09,-1.23,-2.91%,+10.04%,-9.01%,+0.41%
INCY,"Incyte Corp",84.54,-10.16,-3.18%,-2.42%,-9.97%,-10.22%
INFO,"IHS Markit Ltd",99.46,+45.81,+32.00%,+22.99%,+23.35%,+36.90%
INTC,"Intel Corp",48.35,-17.19,-19.21%,+9.19%,-4.12%,-16.71%
INTU,"Intuit Inc",352.02,+44.69,+34.39%,+11.87%,+1.71%,+35.97%
IP,"International Paper Company",49.48,+22.39,+7.45%,+13.10%,+33.98%,+6.78%
IPG,"Interpublic Group of Companies",22.28,+21.17,-3.55%,+23.16%,+20.17%,-0.54%
IPGP,"Ipg Photonics Corp",207.01,+50.24,+42.84%,+11.32%,+29.66%,+45.69%
IQV,"Iqvia Holdings Inc",168.99,+19.14,+9.37%,+9.74%,+4.82%,+15.76%
IR,"Ingersoll Rand Inc",44.27,+47.95,+20.69%,+26.70%,+23.80%,+30.71%
IRM,"Iron Mountain Inc",27.5,-11.45,-13.71%,+5.53%,-9.36%,-14.38%
ISRG,"Intuitive Surg Inc",726.05,+26.19,+22.82%,+8.84%,-0.13%,+22.46%
IT,"Gartner Inc",152,+2.81,-1.36%,+26.56%,+15.61%,-5.27%
ITW,"Illinois Tool Works Inc",211.09,+27.46,+17.51%,+7.76%,+5.20%,+21.09%
IVZ,"Invesco Plc",16.23,+8.95,-9.73%,+23.80%,+51.26%,-7.57%
J,"Jacobs Engineering Group Inc",107.84,+41.51,+20.05%,+13.52%,+20.55%,+17.10%
JBHT,"J B Hunt Transport",135.28,+23.24,+15.84%,+11.12%,-4.56%,+17.00%
JCI,"Johnson Controls Intl",46.04,+29.17,+13.09%,+9.07%,+11.48%,+7.49%
JKHY,"Jack Henry & Assoc",160.86,+3.12,+10.43%,+8.51%,-3.95%,+5.87%
JNJ,"Johnson & Johnson",144.68,+2.00,-0.82%,+5.52%,-5.83%,+5.23%
JNPR,"Juniper Networks",21.77,-9.39,-11.61%,+10.40%,-9.52%,-13.13%
JPM,"JP Morgan Chase & Company",117.88,-2.40,-15.44%,+20.24%,+14.70%,-10.53%
K,"Kellogg Company",63.91,-4.05,-7.59%,+1.62%,-9.40%,-1.86%
KEY,Keycorp,15.46,-9.11,-23.62%,+19.11%,+21.06%,-20.27%
KEYS,"Keysight Technologies Inc Comm",120.04,+26.18,+16.96%,+14.47%,+23.33%,+12.16%
KHC,"Kraft Heinz Company",32.94,+9.50,+2.52%,+7.68%,-5.56%,+8.00%
KIM,"Kimco Realty Corp",14.44,-44.27,-30.28%,+40.74%,+19.64%,-33.21%
KLAC,"K L A-Tencor Corp",251.97,+65.06,+41.42%,+27.79%,+20.79%,+53.77%
KMB,"Kimberly-Clark Corp",139.31,-0.22,+1.28%,+5.07%,-10.98%,+2.18%
KMI,"Kinder Morgan",14.38,-19.19,-32.07%,+20.84%,+1.41%,-26.67%
KMX,"Carmax Inc",93.48,+0.77,+6.63%,+8.14%,-12.84%,-3.89%
KO,"Coca-Cola Company",51.6,+0.77,-6.78%,+7.37%,+3.55%,-3.37%
KR,"Kroger Company",33,+15.62,+13.83%,+2.45%,-6.52%,+20.70%
KSU,"Kansas City Southern",186.17,+27.15,+21.55%,+5.69%,+1.04%,+22.14%
L,"Loews Corp",41.91,-6.08,-20.16%,+20.85%,+13.52%,-17.66%
LB,"L Brands Inc",38.81,+166.96,+114.18%,+21.24%,+30.81%,+102.77%
LDOS,"Leidos Holdings Inc",100.7,+6.16,+2.87%,+21.33%,+10.28%,+10.85%
LEG,"Leggett & Platt Inc",43.1,-7.26,-15.21%,+3.28%,+3.88%,-17.62%
LEN,"Lennar Corp",75.86,+40.24,+35.97%,+8.02%,-0.09%,+27.18%
LH,"Laboratory Corp of America Holdings",199.84,+26.06,+18.13%,+0.04%,+12.64%,+15.99%
LHX,"L3Harris Technologies Inc",191.99,+2.22,-2.97%,+19.17%,+6.73%,-4.53%
LIN,"Linde Plc",256.42,+30.47,+20.44%,+16.37%,+1.12%,+24.35%
LKQ,"LKQ Corp",35.22,+16.87,-1.34%,+10.10%,+7.97%,-0.17%
LLY,"Eli Lilly and Company",145.65,+13.99,+10.82%,+11.64%,-1.15%,+24.12%
LMT,"Lockheed Martin Corp",365,-6.19,-6.26%,+4.25%,-7.73%,-6.66%
LNC,"Lincoln National Corp",47.22,-12.54,-19.98%,+34.53%,+26.29%,-20.03%
LNT,"Alliant Energy Corp",52.6,+0.61,-3.87%,-4.85%,-3.17%,-0.75%
LOW,"Lowe's Companies",155.82,+44.33,+30.11%,-1.44%,-5.85%,+32.83%
LRCX,"Lam Research Corp",452.66,+89.21,+54.81%,+32.33%,+29.04%,+69.64%
LUMN,Centurylink,10.45,-19.55,-20.89%,+21.23%,-4.91%,-27.88%
LUV,"Southwest Airlines Company",46.34,+2.16,-14.15%,+17.23%,+19.40%,-19.60%
LVS,"Las Vegas Sands",55.71,-7.99,-19.31%,+15.92%,+6.81%,-11.22%
LW,"Lamb Weston Holdings Inc",72.38,+3.56,-15.87%,+14.07%,+12.76%,-13.81%
LYB,"Lyondellbasell Industries NV",85.1,+21.86,-9.93%,+24.32%,+24.87%,-8.04%
LYV,"Live Nation Entertainment",65.65,+8.87,-8.14%,+34.53%,+11.82%,-5.96%
MA,"Mastercard Inc",336.51,+20.16,+12.70%,+16.58%,-8.09%,+15.15%
MAA,"Mid-America Apartment Communities",126.16,+7.38,-4.32%,+8.17%,+7.68%,-7.31%
MAR,"Marriot Int Cl A",126.87,+1.96,-16.22%,+36.60%,+19.40%,-9.61%
MAS,"Masco Corp",53.67,+21.73,+11.84%,+0.13%,-8.32%,+15.30%
MCD,"McDonald's Corp",217.44,+14.47,+10.03%,+2.08%,+1.18%,+11.81%
MCHP,"Microchip Technology",134.39,+49.41,+28.33%,+27.89%,+21.60%,+42.15%
MCK,"Mckesson Corp",179.91,+33.09,+30.07%,+21.98%,+16.92%,+24.38%
MCO,"Moody's Corp",282.34,+16.10,+18.93%,+7.39%,-4.09%,+24.56%
MDLZ,"Mondelez Intl Inc",57.45,+8.95,+4.30%,+8.15%,-1.47%,+9.35%
MDT,"Medtronic Inc",113.7,+7.89,+0.22%,+13.06%,+5.41%,+2.07%
MET,"Metlife Inc",46.17,+0.77,-9.42%,+21.98%,+17.12%,-7.49%
MGM,"MGM Resorts International",28.25,+20.82,-15.09%,+37.34%,+18.40%,-11.58%
MHK,"Mohawk Industries",125.83,+25.29,-7.74%,+21.94%,+30.62%,-9.72%
MKC,"Mccormick & Company Inc",186.98,+10.50,+10.16%,+3.58%,-8.61%,+10.48%
MKTX,"Marketaxess Holdings",539.18,+43.84,+42.22%,+0.06%,+11.32%,+33.52%
MLM,"Martin Marietta Materials",265.63,+11.33,-5.01%,-0.27%,+28.13%,-1.03%
MMC,"Marsh & Mclennan Companies",114.64,+7.78,+2.90%,+10.81%,+0.56%,+6.08%
MMM,"3M Company",172.73,+6.40,-2.09%,+7.98%,+4.27%,+1.74%
MNST,"Monster Beverage Cp",84.78,+42.57,+33.41%,+10.72%,+0.28%,+41.73%
MO,"Altria Group",39.83,-16.95,-20.20%,+10.39%,-9.33%,-19.86%
MOS,"Mosaic Company",21.96,+24.89,+1.48%,+18.70%,+16.13%,+15.28%
MPC,"Marathon Petroleum Corp",38.88,-7.43,-35.47%,+31.80%,+4.83%,-35.88%
MRK,"Merck & Company",80.39,-7.16,-11.61%,+6.89%,-6.14%,-7.79%
MRO,"Marathon Oil Corp",5.92,-39.54,-56.41%,+49.49%,+9.83%,-49.18%
MS,"Morgan Stanley",61.83,+39.09,+20.95%,+28.41%,+16.90%,+24.96%
MSCI,"MSCI Inc",409.42,+54.14,+58.58%,+17.03%,+9.56%,+57.96%
MSFT,"Microsoft Corp",214.07,+37.25,+35.75%,+5.73%,-6.48%,+41.41%
MSI,"Motorola Solutions",171.53,+12.48,+6.45%,+8.52%,+11.69%,+2.53%
MTB,"M&T Bank Corp",116.49,-23.46,-31.38%,+12.46%,+9.48%,-29.29%
MTD,"Mettler-Toledo International",1150.04,+61.78,+44.97%,+15.24%,+18.98%,+59.86%
MU,"Micron Technology",64.09,+45.29,+19.17%,+27.31%,+40.27%,+34.90%
MXIM,"Maxim Integrated",83.04,+55.49,+35.00%,+19.22%,+18.26%,+46.53%
NCLH,"Norwegian Cruise Ord",22.87,-29.91,-60.85%,+37.52%,+29.28%,-57.36%
NDAQ,"Nasdaq Inc",127.99,+21.82,+19.51%,+5.79%,-2.92%,+22.13%
NEE,"Nextera Energy",73.59,+26.07,+21.56%,+0.52%,+5.30%,+25.89%
NEM,"Newmont Mining Corp",58.82,+39.58,+35.37%,-6.40%,-11.83%,+53.18%
NFLX,"Netflix Inc",490.7,+49.39,+51.65%,+3.14%,-6.34%,+55.95%
NI,"NiSource Inc",24.2,-6.72,-13.07%,+5.35%,+8.28%,-8.51%
NKE,"Nike Inc",134.7,+47.17,+32.96%,+12.18%,+19.96%,+44.08%
NLOK,"Nortonlifelock Inc",18.23,-19.70,-28.57%,-11.38%,-24.20%,-26.79%
NLSN,"Nielsen Holdings Plc",16.17,-11.01,-20.34%,+19.69%,+3.72%,-17.29%
NOC,"Northrop Grumman Corp",302.26,-13.44,-12.13%,+4.29%,-12.32%,-14.07%
NOV,National-Oilwell,12.26,-28.62,-51.06%,+45.95%,-0.49%,-45.63%
NOW,"Servicenow Inc",534.55,+97.02,+89.34%,+7.43%,+9.57%,+88.86%
NRG,"NRG Energy",32.75,-14.78,-17.61%,+3.57%,-4.49%,-17.57%
NSC,"Norfolk Southern Corp",237.02,+34.48,+22.09%,+13.34%,+10.23%,+22.49%
NTAP,"Netapp Inc",53.31,+0.53,-14.36%,+21.46%,+16.55%,-12.02%
NTRS,"Northern Trust Corp",93.12,-3.82,-12.35%,+18.97%,+10.98%,-13.17%
NUE,"Nucor Corp",53.7,+8.19,-4.58%,+12.44%,+16.76%,-4.72%
NVDA,"Nvidia Corp",536.06,+137.87,+127.82%,+6.92%,+1.93%,+147.33%
NVR,"NVR Inc",3997.18,+11.96,+4.96%,+1.12%,-4.99%,+5.41%
NWL,"Newell Rubbermaid Inc",21.26,+25.34,+10.61%,+20.39%,+31.07%,+10.61%
NWS,"News Cp Cl B",17.81,+49.78,+22.74%,+36.79%,+16.86%,+35.23%
NWSA,"News Cp Cl A",17.65,+50.64,+24.82%,+34.42%,+15.70%,+37.03%
O,"Realty Income Corp",59.97,-4.43,-18.55%,+3.65%,-5.47%,-21.74%
ODFL,"Old Dominion Freight Line Inc",203.36,+63.89,+60.73%,+6.82%,+1.52%,+59.21%
OKE,"Oneok Inc",35.87,+1.81,-52.60%,+23.69%,+27.74%,-49.51%
OMC,"Omnicom Group Inc",63,-9.63,-22.24%,+33.47%,+14.32%,-20.73%
ORCL,"Oracle Corp",57.72,+7.29,+8.95%,+2.87%,-0.28%,+2.81%
ORLY,"O'Reilly Automotive",442.44,+9.99,+0.95%,+1.34%,-4.43%,+0.04%
OTIS,"Otis Worldwide Corp [Otis/I]",66.94,+50.37,+47.93%,+9.24%,+5.27%,+47.93%
OXY,"Occidental Petroleum Corp",15.76,-41.09,-61.76%,+72.62%,+20.03%,-59.14%
PAYC,"Paycom Software Inc",417.08,+58.27,+57.53%,+14.55%,+39.10%,+50.67%
PAYX,"Paychex Inc",93.15,+32.40,+9.51%,+13.25%,+20.49%,+8.16%
PBCT,"People's United Finl",12.4,-22.80,-26.63%,+16.21%,+16.00%,-24.85%
PCAR,"Paccar Inc",87.06,+13.46,+10.06%,+1.97%,+0.66%,+6.99%
PEAK,"Healthpeak Properties Inc",28.86,-13.73,-16.28%,+7.01%,+1.41%,-17.26%
PEG,"Public Service Enterprise Group Inc",58.28,+6.40,-1.30%,+0.22%,+11.73%,-1.74%
PEP,"Pepsico Inc",144.23,+8.48,+5.53%,+8.21%,+3.07%,+6.18%
PFE,"Pfizer Inc",38.31,+3.49,-2.22%,+7.98%,+1.06%,-0.55%
PFG,"Principal Financial Group Inc",49.79,+7.14,-9.47%,+26.95%,+12.32%,-9.64%
PG,"Procter & Gamble Company",138.87,+14.87,+11.18%,+1.29%,+0.07%,+13.77%
PGR,"Progressive Corp",87.11,+15.55,+20.33%,-5.21%,-7.01%,+19.25%
PH,"Parker-Hannifin Corp",267.26,+60.00,+29.85%,+28.27%,+26.98%,+34.44%
PHM,Pultegroup,43.63,+32.38,+12.45%,+7.04%,-3.73%,+10.04%
PKG,"Packaging Corp of America",130,+28.82,+16.08%,+13.55%,+27.11%,+16.18%
PKI,Perkinelmer,133,+49.77,+36.97%,+2.66%,+13.76%,+43.16%
PLD,"Prologis Inc",100.05,+3.54,+12.24%,+0.86%,-2.38%,+9.28%
PM,"Philip Morris International Inc",75.75,-3.61,-10.98%,+6.66%,-6.18%,-8.66%
PNC,"PNC Bank",138.07,+2.51,-13.51%,+23.41%,+22.89%,-9.88%
PNR,"Pentair Ltd",51.82,+44.21,+12.97%,+4.14%,+13.05%,+16.84%
PNW,"Pinnacle West Capital Corp",81.85,-2.17,-8.98%,+0.34%,+11.39%,-6.34%
POOL,"Pool Corp",346.11,+67.47,+62.97%,-1.06%,+4.60%,+67.65%
PPG,"PPG Industries",146.77,+26.89,+9.95%,+13.14%,+20.19%,+13.92%
PPL,"PPL Corp",28.42,-10.31,-20.79%,+3.35%,+2.53%,-16.49%
PRGO,"Perrigo Company",48.22,-8.41,-6.66%,+9.92%,-8.71%,-5.88%
PRU,"Prudential Financial Inc",75.62,-9.16,-19.33%,+18.12%,+8.59%,-19.23%
PSA,"Public Storage",224.46,+9.06,+5.40%,-2.01%,+5.16%,+6.54%
PSX,"Phillips 66",60.58,-42.02,-45.62%,+29.83%,-1.96%,-47.19%
PVH,"Phillips-Van Heusen Corp",79.49,-6.02,-24.40%,+36.37%,+38.87%,-18.02%
PWR,"Quanta Services",68.34,+100.03,+67.87%,+9.47%,+32.98%,+64.12%
PXD,"Pioneer Natural Resources Company",100.58,-4.91,-33.55%,+26.42%,-4.75%,-21.32%
PYPL,"Paypal Holdings",214.12,+108.82,+97.95%,+15.04%,+4.71%,+98.24%
QCOM,"Qualcomm Inc",147.17,+95.39,+66.80%,+19.30%,+24.51%,+76.15%
QRVO,"Qorvo Inc",156.68,+62.58,+34.80%,+23.02%,+21.18%,+50.35%
RCL,"Royal Caribbean Cruises Ltd",78.81,-7.28,-40.97%,+39.68%,+12.39%,-34.34%
RE,"Everest Re Group",227.33,-9.49,-17.88%,+15.35%,+2.55%,-16.19%
REG,"Regency Centers Corp",45.58,-25.26,-27.75%,+28.07%,+12.71%,-29.92%
REGN,"Regeneron Pharmaceuticals",516.03,+23.28,+37.43%,-5.06%,-14.37%,+39.85%
RF,"Regions Financial Corp",15.27,+0.67,-11.01%,+14.81%,+30.40%,-8.23%
RHI,"Robert Half International Inc",64.18,+25.27,+1.63%,+26.61%,+18.87%,+10.27%
RJF,"Raymond James Financial",90.95,+13.62,+1.67%,+18.98%,+18.55%,+1.26%
RL,"Ralph Lauren Corp",85.75,-18.14,-26.85%,+28.27%,+20.45%,-20.11%
RMD,"Resmed Inc",209.6,+45.23,+35.25%,+9.20%,+16.30%,+40.11%
ROK,"Rockwell Automation Inc",255.56,+42.95,+26.10%,+7.78%,+9.56%,+30.49%
ROL,"Rollins Inc",57.18,+65.90,+72.44%,-1.16%,+3.93%,+59.50%
ROP,"Roper Industries",427,+24.38,+20.54%,+14.99%,-0.74%,+18.49%
ROST,"Ross Stores Inc",107.52,+10.93,-7.64%,+26.24%,+14.59%,-7.43%
RSG,"Republic Services",96.72,+13.01,+7.91%,+9.70%,+4.09%,+9.10%
RTX,"Raytheon Technologies Corp",71.72,-11.09,-18.83%,+32.03%,+15.23%,-18.05%
SBAC,"SBA Communications",287.18,+14.36,+19.17%,-1.10%,-6.21%,+21.44%
SBUX,"Starbucks Corp",98.02,+24.70,+11.49%,+12.72%,+15.32%,+14.74%
SCHW,"The Charles Schwab Corp",48.78,+17.87,+2.57%,+18.66%,+34.45%,-1.45%
SEE,"Sealed Air Corp",45.06,+25.02,+13.13%,+13.82%,+10.23%,+19.43%
SHW,"Sherwin-Williams Company",747.63,+38.61,+28.12%,+8.67%,+10.61%,+28.21%
SIVB,"Svb Financial Group",344.86,+55.72,+37.37%,+18.63%,+35.23%,+48.82%
SJM,"J.M. Smucker Company",117.2,+10.45,+12.55%,+4.46%,-2.05%,+11.52%
SLB,"Schlumberger N.V.",20.79,-20.87,-48.28%,+39.16%,+7.05%,-42.57%
SLG,"SL Green Realty Corp",57.9,-31.18,-36.98%,+35.25%,+18.38%,-32.15%
SNA,"Snap-On Inc",175.85,+14.64,+3.81%,+11.63%,+16.97%,+9.59%
SNPS,"Synopsys Inc",227.5,+69.46,+63.43%,+6.38%,+3.65%,+61.30%
SO,"Southern Company",59.85,+0.68,-6.04%,+4.18%,+14.17%,-3.45%
SPG,"Simon Property Group",82.57,-32.82,-44.57%,+31.46%,+18.23%,-45.39%
SPGI,"S&P Global Inc",351.78,+28.14,+28.83%,+9.00%,-4.10%,+32.92%
SRE,"Sempra Energy",127.48,-8.52,-15.84%,+1.69%,+4.22%,-13.44%
STE,"Steris Corp",193.81,+33.67,+27.16%,+9.38%,+22.94%,+28.23%
STT,"State Street Corp",70.48,+0.25,-10.90%,+19.66%,+0.53%,-6.15%
STX,"Seagate Tech Ord Shs",58.81,+11.15,-1.16%,+22.98%,+26.20%,-1.46%
STZ,"Constellation Brands Inc",205.84,+22.04,+8.48%,+24.58%,+11.04%,+10.63%
SWK,"Stanley Black & Decker Inc",184.31,+34.44,+11.20%,+10.90%,+11.35%,+16.84%
SWKS,"Skyworks Solutions",141.17,+38.50,+16.79%,-0.08%,-1.71%,+43.61%
SYF,"Synchrony Financial",30.47,+15.84,-15.38%,+21.78%,+18.19%,-18.55%
SYK,"Stryker Corp",233.4,+20.53,+11.17%,+15.54%,+17.75%,+13.93%
SYY,"Sysco Corp",71.29,-0.20,-16.66%,+28.89%,+15.19%,-11.50%
T,"AT&T Inc",28.75,-21.51,-26.43%,+6.40%,-4.29%,-23.09%
TAP,"Molson Coors Brewing Company",46,+1.09,-14.66%,+30.46%,+21.40%,-8.87%
TDG,"Transdigm Group Inc",579.19,+28.81,+3.43%,+21.32%,+14.29%,+2.13%
TDY,"Teledyne Technologies Inc",377.94,+16.11,+9.06%,+22.25%,+19.43%,+10.51%
TEL,"Te Connectivity Ltd",113.97,+38.38,+18.92%,+17.64%,+16.37%,+22.93%
TER,"Teradyne Inc",110.34,+84.83,+61.81%,+25.60%,+28.71%,+76.29%
TFC,"Truist Financial Corp",46.42,-9.94,-17.58%,+10.21%,+17.25%,-15.17%
TFX,"Teleflex Inc",382.75,+12.18,+1.68%,+20.27%,-0.59%,+8.32%
TGT,"Target Corp",179.53,+60.36,+40.03%,+17.94%,+19.01%,+43.61%
TIF,"Tiffany & Company",131.48,+1.73,-1.62%,+0.49%,+6.13%,-1.73%
TJX,"TJX Companies",63.51,+21.70,+4.01%,+25.02%,+15.28%,+3.89%
TMO,"Thermo Fisher Scientific Inc",464.98,+48.93,+43.13%,-1.72%,+9.54%,+48.11%
TMUS,"T-Mobile US",132.94,+74.96,+69.52%,+21.33%,+14.35%,+69.24%
TPR,"Tapestry Inc",28.32,+37.28,+5.01%,+27.40%,+90.32%,+5.32%
TROW,"T Rowe Price Group",143.41,+20.54,+17.70%,+13.22%,+3.09%,+16.07%
TRV,"The Travelers Companies Inc",129.65,+4.56,-5.33%,+7.41%,+11.87%,-5.17%
TSCO,"Tractor Supply Company",140.81,+45.04,+50.70%,+5.71%,-4.15%,+49.10%
TSN,"Tyson Foods",65.2,-18.39,-28.38%,+13.93%,+2.02%,-27.47%
TT,"Trane Technologies Plc",146.24,+39.81,+10.02%,+10.16%,+21.56%,+11.54%
TTWO,"Take-Two Interacti",180.51,+52.20,+47.44%,+16.52%,+5.52%,+48.75%
TWTR,"Twitter Inc",46.51,+61.25,+45.12%,+12.45%,+13.25%,+50.47%
TXN,"Texas Instruments",161.25,+40.56,+25.69%,+11.52%,+12.38%,+34.14%
TXT,"Textron Inc",45.1,+16.68,+1.12%,+25.98%,+12.83%,-2.47%
TYL,"Tyler Technologies",427.6,+53.48,+42.52%,+11.24%,+26.65%,+47.36%
UA,"Under Armour Inc Cl C",14.55,+8.72,-24.14%,+18.97%,+59.19%,-15.90%
UAA,"Under Armour",16.57,+11.25,-23.29%,+19.73%,+63.25%,-12.28%
UAL,"United Airlines Holdings Inc",45.05,-36.71,-48.86%,+33.05%,+20.65%,-51.45%
UDR,"United Dominion Realty Trust",38.47,-11.05,-17.62%,+23.14%,+9.63%,-19.94%
UHS,"Universal Health Services",130.58,+11.73,-8.98%,+19.20%,+15.95%,-6.39%
ULTA,"Ulta Beauty Inc",275.4,+19.11,+8.79%,+33.19%,+16.19%,+17.76%
UNH,"Unitedhealth Group Inc",336.34,+29.10,+14.41%,+10.22%,+6.99%,+20.18%
UNM,"Unumprovident Corp",22.23,-7.98,-23.77%,+25.88%,+16.94%,-27.68%
UNP,"Union Pacific Corp",204.08,+24.36,+12.88%,+15.18%,+4.59%,+15.96%
UPS,"United Parcel Service",171.07,+58.63,+46.14%,+8.89%,+5.36%,+42.88%
URI,"United Rentals",226.98,+68.22,+36.10%,+27.31%,+24.35%,+48.30%
USB,"U.S. Bancorp",43.21,-16.97,-27.12%,+10.94%,+16.16%,-28.02%
V,"Visa Inc",210.35,+17.58,+11.95%,+15.76%,-2.48%,+14.00%
VAR,"Varian Medical Systems",173.98,+32.85,+22.51%,+0.68%,+0.71%,+30.10%
VFC,"V.F. Corp",83.4,+6.11,-16.32%,+24.11%,+22.76%,-5.81%
VIAC,"Viacomcbs Inc Cl B",35.28,+19.85,-15.94%,+23.49%,+26.05%,-12.63%
VLO,"Valero Energy Corp",53.77,-42.31,-42.58%,+39.26%,-2.04%,-43.69%
VMC,"Vulcan Materials Company",139.65,+9.67,-3.01%,-3.58%,+13.64%,-1.56%
VNO,"Vornado Realty Trust",38.91,-38.07,-41.49%,+26.62%,+4.71%,-39.74%
VNT,"Vontier Corp [Vnt/I]",33.17,N/A,-2.44%,+15.41%,-2.44%,-2.44%
VRSK,"Verisk Analytics Inc",198.31,+36.50,+32.79%,+11.43%,+5.85%,+34.47%
VRSN,"Verisign Inc",200.72,+4.01,+4.17%,+5.25%,-3.56%,+5.23%
VRTX,"Vertex Pharmaceutic",227.75,-5.66,+4.02%,+9.31%,-15.64%,+2.71%
VTR,"Ventas Inc",47.91,-5.53,-17.02%,+21.38%,+12.15%,-17.84%
VTRS,"Viatris Inc",16.82,N/A,+8.24%,+8.24%,+8.24%,+8.24%
VZ,"Verizon Communications Inc",60.41,+2.20,-1.61%,+6.00%,+1.94%,+0.28%
WAB,"Wabtec Corp",73.3,+9.98,-5.78%,+23.61%,+9.26%,-6.71%
WAT,"Waters Corp",232.01,+10.21,-0.70%,+4.12%,+6.71%,+4.48%
WBA,"Walgreens Boots Alliance",38.01,-31.79,-35.53%,+11.66%,-1.93%,-36.22%
WDC,"Western Digital Cp",44.88,-4.40,-29.29%,+18.95%,+18.60%,-10.83%
WEC,"Wisconsin Energy Corp",94.95,+12.32,+2.95%,-5.57%,+1.42%,+7.11%
WELL,"Welltower Inc",62.98,-16.32,-22.99%,+17.13%,+5.94%,-25.53%
WFC,"Wells Fargo & Company",27.35,-42.64,-49.16%,+27.51%,+10.77%,-49.78%
WHR,"Whirlpool Corp",194.61,+67.62,+31.91%,+5.22%,+8.79%,+36.00%
WLTW,"Willis Towers WT",208.19,+4.19,+3.09%,+14.09%,+1.23%,+5.98%
WM,"Waste Management",119.13,+10.37,+4.54%,+10.40%,+4.49%,+5.51%
WMB,"Williams Companies",20.98,+7.52,-11.55%,+9.33%,-0.43%,-7.66%
WMT,"Wal-Mart Stores",152.79,+33.29,+28.57%,+10.12%,+8.90%,+28.30%
WRB,"W.R. Berkley Corp",65.13,-0.83,-5.75%,+8.33%,+3.38%,-4.22%
WRK,"Westrock Company",42.21,+15.83,-1.63%,+12.41%,+35.90%,+4.66%
WST,"West Pharmaceutical Services",275.16,+80.83,+83.04%,+1.14%,+1.31%,+87.15%
WU,"Western Union Company",22.56,-12.14,-15.76%,+16.05%,-5.84%,-16.07%
WY,"Weyerhaeuser Company",29.04,+12.93,-3.84%,+6.41%,-5.99%,-1.59%
WYNN,"Wynn Resorts Ltd",100.5,-4.98,-27.63%,+38.75%,+9.78%,-16.84%
XEL,"XCEL Energy Inc",67.36,+12.47,+6.10%,-3.81%,-1.88%,+9.55%
XLNX,"Xilinx Inc",145.55,+78.57,+48.87%,+22.63%,+38.74%,+56.88%
XOM,"Exxon Mobil Corp",38.13,-39.44,-45.36%,+16.89%,-6.29%,-44.03%
XRAY,"Dentsply Sirona Inc",50.89,-1.72,-10.07%,+7.84%,+12.29%,-9.99%
XRX,"Xerox Corp",21.89,-16.14,-40.63%,+25.95%,+12.08%,-43.77%
XYL,"Xylem Inc",95.97,+37.97,+21.80%,+10.13%,+17.07%,+23.82%
YUM,"Yum! Brands",105.8,+18.08,+5.03%,+13.36%,+8.57%,+5.10%
ZBH,"Zimmer Biomet Holdings",149.12,+10.79,-0.37%,+12.88%,+5.26%,+2.64%
ZBRA,"Zebra Technologies",378.42,+65.43,+48.14%,+33.42%,+35.07%,+50.80%
ZION,"Zions Bancorp",38.59,-12.74,-25.67%,+19.58%,+16.87%,-22.48%
ZTS,"Zoetis Inc Cl A",160.38,+31.06,+21.18%,+1.15%,+0.24%,+33.07%
"Downloaded from Barchart.com as of 11-30-2020 07:36pm CST"
